ETE,TYPE_DE_PRODUIT,PRODUIT,DATE_DEBUT_SESSION,DATE_FIN_SESSION
Eté 2004,AVG,AG 02 TAYAC/ST SEURIN SUR L'ISLE ,09-08-2004,11-08-2004
Eté 2004,AVG,AG 02 TAYAC/ST SEURIN SUR L'ISLE ,19-07-2004,21-07-2004
Eté 2004,AVG,AG 02 TAYAC/ST SEURIN SUR L'ISLE ,02-08-2004,04-08-2004
Eté 2004,AVG,AG 02 TAYAC/ST SEURIN SUR L'ISLE ,23-08-2004,25-08-2004
Eté 2004,AVG,AG 02 TAYAC/ST SEURIN SUR L'ISLE ,26-07-2004,28-07-2004
Eté 2004,AVG,AG 02 TAYAC/ST SEURIN SUR L'ISLE ,16-08-2004,18-08-2004
Eté 2004,AVG,AG 02 TAYAC/ST SEURIN SUR L'ISLE ,05-07-2004,07-07-2004
Eté 2004,AVG,AG 05 RAID  KAYAK SURF ET MER LEGE ,14-07-2004,15-07-2004
Eté 2004,AVG,AG 05 RAID  KAYAK SURF ET MER LEGE ,20-07-2004,21-07-2004
Eté 2004,AVG,AG 05 RAID  KAYAK SURF ET MER LEGE ,07-07-2004,08-07-2004
Eté 2004,AVG,AG 05 RAID  KAYAK SURF ET MER LEGE ,06-07-2004,07-07-2004
Eté 2004,AVG,AG 05 RAID  KAYAK SURF ET MER LEGE ,27-07-2004,28-07-2004
Eté 2004,AVG,AG 05 RAID  KAYAK SURF ET MER LEGE ,13-07-2004,14-07-2004
Eté 2004,AVG,AG 05 RAID  KAYAK SURF ET MER LEGE ,28-07-2004,29-07-2004
Eté 2004,AVG,AG 05 RAID  KAYAK SURF ET MER LEGE ,03-08-2004,04-08-2004
Eté 2004,AVG,AG 05 RAID  KAYAK SURF ET MER LEGE ,04-08-2004,05-08-2004
Eté 2004,AVG,AG 05 RAID  KAYAK SURF ET MER LEGE ,10-08-2004,11-08-2004
Eté 2004,AVG,AG 05 RAID  KAYAK SURF ET MER LEGE ,11-08-2004,12-08-2004
Eté 2004,AVG,AG 05 RAID  KAYAK SURF ET MER LEGE ,17-08-2004,18-08-2004
Eté 2004,AVG,AG 05 RAID  KAYAK SURF ET MER LEGE ,18-08-2004,19-08-2004
Eté 2004,AVG,AG 05 RAID  KAYAK SURF ET MER LEGE ,24-08-2004,25-08-2004
Eté 2004,AVG,AG 05 RAID  KAYAK SURF ET MER LEGE ,25-08-2004,26-08-2004
Eté 2004,AVG,AG 05 RAID  KAYAK SURF ET MER LEGE ,21-07-2004,22-07-2004
Eté 2004,AVG,AG 04 RAID EN HAUTE GIRONDE 2 ,09-08-2004,13-08-2004
Eté 2004,AVG,AG 04 RAID EN HAUTE GIRONDE 2 ,02-08-2004,06-08-2004
Eté 2004,AVG,AG 04 RAID EN HAUTE GIRONDE 2 ,12-07-2004,16-07-2004
Eté 2004,AVG,AG 04 RAID EN HAUTE GIRONDE 2 ,19-07-2004,23-07-2004
Eté 2004,AVG,AG 04 RAID EN HAUTE GIRONDE 2 ,16-08-2004,20-08-2004
Eté 2004,AVG,AG 04 RAID EN HAUTE GIRONDE 2 ,26-07-2004,30-07-2004
Eté 2004,AVG,AG 06 RAID PASS SPORT CUB ,05-07-2004,08-07-2004
Eté 2004,AVG,AG 06 RAID PASS SPORT CUB ,12-07-2004,15-07-2004
Eté 2004,AVG,AG 06 RAID PASS SPORT CUB ,19-07-2004,22-07-2004
Eté 2004,AVG,AG 06 RAID PASS SPORT CUB ,26-07-2004,29-07-2004
Eté 2004,AVG,AG 03 RAID EN HAUTE GIRONDE 1 ,26-07-2004,30-07-2004
Eté 2004,AVG,AG 03 RAID EN HAUTE GIRONDE 1 ,19-07-2004,23-07-2004
Eté 2004,AVG,AG 03 RAID EN HAUTE GIRONDE 1 ,12-07-2004,16-07-2004
Eté 2004,AVG,AG 03 RAID EN HAUTE GIRONDE 1 ,16-08-2004,20-08-2004
Eté 2004,AVG,AG 03 RAID EN HAUTE GIRONDE 1 ,09-08-2004,13-08-2004
Eté 2004,AVG,AG 03 RAID EN HAUTE GIRONDE 1 ,02-08-2004,06-08-2004
Eté 2004,AVG,AG 08 MINI RAID EQUESTRE EN MEDOC ,11-08-2004,13-08-2004
Eté 2004,AVG,AG 08 MINI RAID EQUESTRE EN MEDOC ,18-08-2004,20-08-2004
Eté 2004,AVG,AG 08 MINI RAID EQUESTRE EN MEDOC ,21-07-2004,23-07-2004
Eté 2004,AVG,AG 08 MINI RAID EQUESTRE EN MEDOC ,28-07-2004,30-07-2004
Eté 2004,AVG,AG 08 MINI RAID EQUESTRE EN MEDOC ,07-07-2004,09-07-2004
Eté 2004,AVG,AG 08 MINI RAID EQUESTRE EN MEDOC ,04-08-2004,06-08-2004
Eté 2004,AVG,AG 07 MINI RAID EQUESTRE EN MEDOC ,19-07-2004,21-07-2004
Eté 2004,AVG,AG 07 MINI RAID EQUESTRE EN MEDOC ,26-07-2004,28-07-2004
Eté 2004,AVG,AG 07 MINI RAID EQUESTRE EN MEDOC ,05-07-2004,07-07-2004
Eté 2004,AVG,AG 07 MINI RAID EQUESTRE EN MEDOC ,16-08-2004,18-08-2004
Eté 2004,AVG,AG 07 MINI RAID EQUESTRE EN MEDOC ,02-08-2004,04-08-2004
Eté 2004,AVG,AG 07 MINI RAID EQUESTRE EN MEDOC ,09-08-2004,11-08-2004
Eté 2004,AVG,AG 09 MINI RAID EN SUD GIRONDE ,05-07-2004,06-07-2004
Eté 2004,AVG,AG 09 MINI RAID EN SUD GIRONDE ,02-08-2004,03-08-2004
Eté 2004,AVG,AG 09 MINI RAID EN SUD GIRONDE ,09-08-2004,10-08-2004
Eté 2004,AVG,AG 09 MINI RAID EN SUD GIRONDE ,19-07-2004,20-07-2004
Eté 2004,AVG,AG 09 MINI RAID EN SUD GIRONDE ,23-08-2004,24-08-2004
Eté 2004,AVG,AG 09 MINI RAID EN SUD GIRONDE ,12-07-2004,13-07-2004
Eté 2004,AVG,AG 09 MINI RAID EN SUD GIRONDE ,26-07-2004,27-07-2004
Eté 2004,AVG,AG 09 MINI RAID EN SUD GIRONDE ,16-08-2004,17-08-2004
Eté 2004,AVG,AG 12 RAID MULTI ACTIVITES ,24-08-2004,26-08-2004
Eté 2004,AVG,AG 12 RAID MULTI ACTIVITES ,06-07-2004,08-07-2004
Eté 2004,AVG,AG 12 RAID MULTI ACTIVITES ,27-07-2004,29-07-2004
Eté 2004,AVG,AG 12 RAID MULTI ACTIVITES ,10-08-2004,12-08-2004
Eté 2004,AVG,AG 12 RAID MULTI ACTIVITES ,20-07-2004,22-07-2004
Eté 2004,AVG,AG 12 RAID MULTI ACTIVITES ,03-08-2004,05-08-2004
Eté 2004,AVG,AG 12 RAID MULTI ACTIVITES ,17-08-2004,19-08-2004
Eté 2004,AVG,AG 13 MINI RAID ENTRE DEUX MERS ,05-07-2004,07-07-2004
Eté 2004,AVG,AG 13 MINI RAID ENTRE DEUX MERS ,19-07-2004,21-07-2004
Eté 2004,AVG,AG 13 MINI RAID ENTRE DEUX MERS ,26-07-2004,28-07-2004
Eté 2004,AVG,AG 13 MINI RAID ENTRE DEUX MERS ,02-08-2004,04-08-2004
Eté 2004,AVG,AG 13 MINI RAID ENTRE DEUX MERS ,09-08-2004,11-08-2004
Eté 2004,AVG,AG 15 ACTIVITES DE PLEINE NATURE ,05-07-2004,09-07-2004
Eté 2004,AVG,AG 13 MINI RAID ENTRE DEUX MERS ,16-08-2004,18-08-2004
Eté 2004,AVG,AG 13 MINI RAID ENTRE DEUX MERS ,23-08-2004,25-08-2004
Eté 2004,AVG,AG 14 ACTIVITES DE PLEINE NATURE ,12-07-2004,16-07-2004
Eté 2004,AVG,AG 14 ACTIVITES DE PLEINE NATURE ,05-07-2004,09-07-2004
Eté 2004,AVG,AG 15 ACTIVITES DE PLEINE NATURE ,12-07-2004,16-07-2004
Eté 2004,AVG,AG 14 ACTIVITES DE PLEINE NATURE ,19-07-2004,23-07-2004
Eté 2004,AVG,AG 15 ACTIVITES DE PLEINE NATURE ,19-07-2004,23-07-2004
Eté 2004,AVG,AG 15 ACTIVITES DE PLEINE NATURE ,26-07-2004,30-07-2004
Eté 2004,AVG,AG 15 ACTIVITES DE PLEINE NATURE ,02-08-2004,06-08-2004
Eté 2004,AVG,AG 14 ACTIVITES DE PLEINE NATURE ,09-08-2004,13-08-2004
Eté 2004,AVG,AG 14 ACTIVITES DE PLEINE NATURE ,02-08-2004,06-08-2004
Eté 2004,AVG,AG 14 ACTIVITES DE PLEINE NATURE ,16-08-2004,20-08-2004
Eté 2004,AVG,AG 15 ACTIVITES DE PLEINE NATURE ,09-08-2004,13-08-2004
Eté 2004,AVG,AG 15 ACTIVITES DE PLEINE NATURE ,16-08-2004,20-08-2004
Eté 2004,AVG,AG 15 ACTIVITES DE PLEINE NATURE ,23-08-2004,27-08-2004
Eté 2004,AVG,AG 14 ACTIVITES DE PLEINE NATURE ,26-07-2004,30-07-2004
Eté 2004,AVG,AG SOLIDARITE ,05-07-2004,09-07-2004
Eté 2004,AVG,AG SOLIDARITE ,09-08-2004,13-08-2004
Eté 2004,AVG,AG SOLIDARITE ,16-08-2004,20-08-2004
Eté 2004,AVG,AG SOLIDARITE ,26-07-2004,30-07-2004
Eté 2004,AVG,AG SOLIDARITE ,19-07-2004,23-07-2004
Eté 2004,AVG,AG SOLIDARITE ,12-07-2004,16-07-2004
Eté 2004,AVG,AG SOLIDARITE ,02-08-2004,06-08-2004
Eté 2004,AVG,AG SOLIDARITE ,23-08-2004,27-08-2004
Eté 2004,AVG,AG 14 ACTIVITES DE PLEINE NATURE ,23-08-2004,27-08-2004
Eté 2004,AVG,AG 01 TAYAC/LES SALLES DE CASTILLON ,06-07-2004,08-07-2004
Eté 2004,AVG,AG 01 TAYAC/LES SALLES DE CASTILLON ,20-07-2004,22-07-2004
Eté 2004,AVG,AG 01 TAYAC/LES SALLES DE CASTILLON ,27-07-2004,29-07-2004
Eté 2004,AVG,AG 01 TAYAC/LES SALLES DE CASTILLON ,03-08-2004,05-08-2004
Eté 2004,AVG,AG 01 TAYAC/LES SALLES DE CASTILLON ,10-08-2004,12-08-2004
Eté 2004,AVG,AG 01 TAYAC/LES SALLES DE CASTILLON ,17-08-2004,19-08-2004
Eté 2004,AVG,AG 01 TAYAC/LES SALLES DE CASTILLON ,24-08-2004,26-08-2004
Eté 2004,AVG,AG 10 MINI-RAID MULTIACTIVITES ,03-08-2004,04-08-2004
Eté 2004,AVG,AG 10 MINI-RAID MULTIACTIVITES ,06-07-2004,07-07-2004
Eté 2004,AVG,AG 10 MINI-RAID MULTIACTIVITES ,28-07-2004,29-07-2004
Eté 2004,AVG,AG 10 MINI-RAID MULTIACTIVITES ,20-07-2004,21-07-2004
Eté 2004,AVG,AG 10 MINI-RAID MULTIACTIVITES ,21-07-2004,22-07-2004
Eté 2004,AVG,AG 10 MINI-RAID MULTIACTIVITES ,07-07-2004,08-07-2004
Eté 2004,AVG,AG 10 MINI-RAID MULTIACTIVITES ,27-07-2004,28-07-2004
Eté 2004,AVG,AG 10 MINI-RAID MULTIACTIVITES ,10-08-2004,11-08-2004
Eté 2004,AVG,AG 10 MINI-RAID MULTIACTIVITES ,18-08-2004,19-08-2004
Eté 2004,AVG,AG 10 MINI-RAID MULTIACTIVITES ,11-08-2004,12-08-2004
Eté 2004,AVG,AG 10 MINI-RAID MULTIACTIVITES ,17-08-2004,18-08-2004
Eté 2004,AVG,AG 10 MINI-RAID MULTIACTIVITES ,04-08-2004,05-08-2004
Eté 2004,AVG,AG 10 MINI-RAID MULTIACTIVITES ,24-08-2004,25-08-2004
Eté 2004,AVG,AG 11 MINI RAID MULTIACTIVITES ,21-07-2004,23-07-2004
Eté 2004,AVG,AG 10 MINI-RAID MULTIACTIVITES ,25-08-2004,26-08-2004
Eté 2004,AVG,AG 11 MINI RAID MULTIACTIVITES ,07-07-2004,09-07-2004
Eté 2004,AVG,AG 11 MINI RAID MULTIACTIVITES ,28-07-2004,30-07-2004
Eté 2004,AVG,AG 11 MINI RAID MULTIACTIVITES ,04-08-2004,06-08-2004
Eté 2004,AVG,AG 11 MINI RAID MULTIACTIVITES ,11-08-2004,13-08-2004
Eté 2004,AVG,AG 11 MINI RAID MULTIACTIVITES ,18-08-2004,20-08-2004
Eté 2004,AVG,AG 11 MINI RAID MULTIACTIVITES ,25-08-2004,27-08-2004
Eté 2005,AVG,AG SOLIDARITE ,12-07-2005,13-07-2005
Eté 2005,AVG,AG SOLIDARITE ,05-07-2005,06-07-2005
Eté 2005,AVG,AG SOLIDARITE ,26-07-2005,27-07-2005
Eté 2005,AVG,AG SOLIDARITE ,19-07-2005,20-07-2005
Eté 2005,AVG,AG SOLIDARITE ,09-08-2005,10-08-2005
Eté 2005,AVG,AG SOLIDARITE ,02-08-2005,03-08-2005
Eté 2005,AVG,AG SOLIDARITE ,23-08-2005,24-08-2005
Eté 2005,AVG,AG SOLIDARITE ,16-08-2005,17-08-2005
Eté 2005,AVG,AG 06 MORIZES ,07-07-2005,08-07-2005
Eté 2005,AVG,AG 06 MORIZES ,14-07-2005,15-07-2005
Eté 2005,AVG,AG 06 MORIZES ,21-07-2005,22-07-2005
Eté 2005,AVG,AG 06 MORIZES ,28-07-2005,29-07-2005
Eté 2005,AVG,AG 06 MORIZES ,04-08-2005,05-08-2005
Eté 2005,AVG,AG 06 MORIZES ,11-08-2005,12-08-2005
Eté 2005,AVG,AG 06 MORIZES ,18-08-2005,19-08-2005
Eté 2005,AVG,AG 06 MORIZES ,07-07-2005,08-07-2005
Eté 2005,AVG,AG 06 MORIZES ,14-07-2005,15-07-2005
Eté 2005,AVG,AG 06 MORIZES ,21-07-2005,22-07-2005
Eté 2005,AVG,AG 06 MORIZES ,28-07-2005,29-07-2005
Eté 2005,AVG,AG 06 MORIZES ,04-08-2005,05-08-2005
Eté 2005,AVG,AG 06 MORIZES ,11-08-2005,12-08-2005
Eté 2005,AVG,AG 06 MORIZES ,18-08-2005,19-08-2005
Eté 2005,AVG,AG 03 BRAUD ST LOUIS 1 ,04-07-2005,07-07-2005
Eté 2005,AVG,AG 03 BRAUD ST LOUIS 1 ,11-07-2005,14-07-2005
Eté 2005,AVG,AG 03 BRAUD ST LOUIS 1 ,18-07-2005,21-07-2005
Eté 2005,AVG,AG 03 BRAUD ST LOUIS 1 ,25-07-2005,28-07-2005
Eté 2005,AVG,AG 03 BRAUD ST LOUIS 1 ,01-08-2005,04-08-2005
Eté 2005,AVG,AG 03 BRAUD ST LOUIS 1 ,08-08-2005,11-08-2005
Eté 2005,AVG,AG 03 BRAUD ST LOUIS 1 ,15-08-2005,18-08-2005
Eté 2005,AVG,AG 03 BRAUD ST LOUIS 1 ,22-08-2005,25-08-2005
Eté 2005,AVG,AG 05 LEGE ,04-07-2005,06-07-2005
Eté 2005,AVG,AG 05 LEGE ,11-07-2005,13-07-2005
Eté 2005,AVG,AG 05 LEGE ,18-07-2005,20-07-2005
Eté 2005,AVG,AG 05 LEGE ,25-07-2005,27-07-2005
Eté 2005,AVG,AG 05 LEGE ,01-08-2005,03-08-2005
Eté 2005,AVG,AG 05 LEGE ,08-08-2005,10-08-2005
Eté 2005,AVG,AG 05 LEGE ,15-08-2005,17-08-2005
Eté 2005,AVG,AG 05 LEGE ,22-08-2005,24-08-2005
Eté 2005,AVG,AG 11 FRONTENAC ,18-07-2005,21-07-2005
Eté 2005,AVG,AG 09 HOSTENS/ST MAGNE ,11-07-2005,12-07-2005
Eté 2005,AVG,AG 09 HOSTENS/ST MAGNE ,18-07-2005,19-07-2005
Eté 2005,AVG,AG 09 HOSTENS/ST MAGNE ,25-07-2005,26-07-2005
Eté 2005,AVG,AG 09 HOSTENS/ST MAGNE ,01-08-2005,02-08-2005
Eté 2005,AVG,AG 09 HOSTENS/ST MAGNE ,08-08-2005,09-08-2005
Eté 2005,AVG,AG 09 HOSTENS/ST MAGNE ,22-08-2005,23-08-2005
Eté 2005,AVG,AG 11 FRONTENAC ,04-07-2005,07-07-2005
Eté 2005,AVG,AG 11 FRONTENAC ,11-07-2005,14-07-2005
Eté 2005,AVG,AG 11 FRONTENAC ,01-08-2005,04-08-2005
Eté 2005,AVG,AG 11 FRONTENAC ,25-07-2005,28-07-2005
Eté 2005,AVG,AG 11 FRONTENAC ,08-08-2005,11-08-2005
Eté 2005,AVG,AG 11 FRONTENAC ,15-08-2005,18-08-2005
Eté 2005,AVG,AG 11 FRONTENAC ,22-08-2005,25-08-2005
Eté 2005,AVG,AG 12 FRONTENAC/FALEYRAS ,04-07-2005,08-07-2005
Eté 2005,AVG,AG 12 FRONTENAC/FALEYRAS ,18-07-2005,22-07-2005
Eté 2005,AVG,AG 12 FRONTENAC/FALEYRAS ,25-07-2005,29-07-2005
Eté 2005,AVG,AG 12 FRONTENAC/FALEYRAS ,01-08-2005,05-08-2005
Eté 2005,AVG,AG 12 FRONTENAC/FALEYRAS ,08-08-2005,12-08-2005
Eté 2005,AVG,AG 12 FRONTENAC/FALEYRAS ,15-08-2005,19-08-2005
Eté 2005,AVG,AG 12 FRONTENAC/FALEYRAS ,22-08-2005,26-08-2005
Eté 2005,AVG,AG 13 FALEYRAS/FRONTENAC ,04-07-2005,08-07-2005
Eté 2005,AVG,AG 13 FALEYRAS/FRONTENAC ,11-07-2005,15-07-2005
Eté 2005,AVG,AG 13 FALEYRAS/FRONTENAC ,18-07-2005,22-07-2005
Eté 2005,AVG,AG 13 FALEYRAS/FRONTENAC ,25-07-2005,29-07-2005
Eté 2005,AVG,AG 13 FALEYRAS/FRONTENAC ,01-08-2005,05-08-2005
Eté 2005,AVG,AG 13 FALEYRAS/FRONTENAC ,08-08-2005,12-08-2005
Eté 2005,AVG,AG 13 FALEYRAS/FRONTENAC ,16-08-2005,19-08-2005
Eté 2005,AVG,AG 13 FALEYRAS/FRONTENAC ,22-08-2005,26-08-2005
Eté 2005,AVG,AG 02 TAYAC/ST SEURIN SUR L'ISLE ,19-07-2005,21-07-2005
Eté 2005,AVG,AG 02 TAYAC/ST SEURIN SUR L'ISLE ,05-07-2005,07-07-2005
Eté 2005,AVG,AG 02 TAYAC/ST SEURIN SUR L'ISLE ,26-07-2005,28-07-2005
Eté 2005,AVG,AG 02 TAYAC/ST SEURIN SUR L'ISLE ,02-08-2005,04-08-2005
Eté 2005,AVG,AG 02 TAYAC/ST SEURIN SUR L'ISLE ,09-08-2005,11-08-2005
Eté 2005,AVG,AG 02 TAYAC/ST SEURIN SUR L'ISLE ,16-08-2005,18-08-2005
Eté 2005,AVG,AG 02 TAYAC/ST SEURIN SUR L'ISLE ,23-08-2005,25-08-2005
Eté 2005,AVG,AG 04 BRAUD ST LOUIS 2 ,05-07-2005,08-07-2005
Eté 2005,AVG,AG 04 BRAUD ST LOUIS 2 ,12-07-2005,15-07-2005
Eté 2005,AVG,AG 04 BRAUD ST LOUIS 2 ,19-07-2005,22-07-2005
Eté 2005,AVG,AG 04 BRAUD ST LOUIS 2 ,26-07-2005,29-07-2005
Eté 2005,AVG,AG 04 BRAUD ST LOUIS 2 ,02-08-2005,05-08-2005
Eté 2005,AVG,AG 04 BRAUD ST LOUIS 2 ,09-08-2005,12-08-2005
Eté 2005,AVG,AG 04 BRAUD ST LOUIS 2 ,16-08-2005,19-08-2005
Eté 2005,AVG,AG 04 BRAUD ST LOUIS 2 ,23-08-2005,26-08-2005
Eté 2005,AVG,AG 08 ST MAGNE/SALLES ,19-07-2005,21-07-2005
Eté 2005,AVG,AG 08 ST MAGNE/SALLES ,26-07-2005,28-07-2005
Eté 2005,AVG,AG 08 ST MAGNE/SALLES ,02-08-2005,04-08-2005
Eté 2005,AVG,AG 08 ST MAGNE/SALLES ,09-08-2005,11-08-2005
Eté 2005,AVG,AG 08 ST MAGNE/SALLES ,16-08-2005,16-08-2005
Eté 2005,AVG,AG 08 ST MAGNE/SALLES ,23-08-2005,25-08-2005
Eté 2005,AVG,AG 01 TAYAC/LES SALLES DE CASTILLON ,04-07-2005,06-07-2005
Eté 2005,AVG,AG 01 TAYAC/LES SALLES DE CASTILLON ,06-07-2005,08-07-2005
Eté 2005,AVG,AG 01 TAYAC/LES SALLES DE CASTILLON ,11-07-2005,13-07-2005
Eté 2005,AVG,AG 01 TAYAC/LES SALLES DE CASTILLON ,18-07-2005,20-07-2005
Eté 2005,AVG,AG 01 TAYAC/LES SALLES DE CASTILLON ,20-07-2005,22-07-2005
Eté 2005,AVG,AG 01 TAYAC/LES SALLES DE CASTILLON ,25-07-2005,27-07-2005
Eté 2005,AVG,AG 01 TAYAC/LES SALLES DE CASTILLON ,27-07-2005,29-07-2005
Eté 2005,AVG,AG 01 TAYAC/LES SALLES DE CASTILLON ,01-08-2005,03-08-2005
Eté 2005,AVG,AG 01 TAYAC/LES SALLES DE CASTILLON ,03-08-2005,05-08-2005
Eté 2005,AVG,AG 01 TAYAC/LES SALLES DE CASTILLON ,08-08-2005,10-08-2005
Eté 2005,AVG,AG 01 TAYAC/LES SALLES DE CASTILLON ,10-08-2005,12-08-2005
Eté 2005,AVG,AG 01 TAYAC/LES SALLES DE CASTILLON ,17-08-2005,19-08-2005
Eté 2005,AVG,AG 01 TAYAC/LES SALLES DE CASTILLON ,22-08-2005,24-08-2005
Eté 2005,AVG,AG 01 TAYAC/LES SALLES DE CASTILLON ,24-08-2005,26-08-2005
Eté 2005,AVG,AG 07 ST MAGNE/BELIN-BELIET ,20-07-2005,22-07-2005
Eté 2005,AVG,AG 07 ST MAGNE/BELIN-BELIET ,27-07-2005,29-07-2005
Eté 2005,AVG,AG 07 ST MAGNE/BELIN-BELIET ,03-08-2005,05-08-2005
Eté 2005,AVG,AG 07 ST MAGNE/BELIN-BELIET ,10-08-2005,12-08-2005
Eté 2005,AVG,AG 07 ST MAGNE/BELIN-BELIET ,17-08-2005,19-08-2005
Eté 2005,AVG,AG 07 ST MAGNE/BELIN-BELIET ,24-08-2005,26-08-2005
Eté 2005,AVG,AG 10 PRECHAC/PRECHAC ,12-07-2005,13-07-2005
Eté 2005,AVG,AG 10 PRECHAC/PRECHAC ,19-07-2005,20-07-2005
Eté 2005,AVG,AG 10 PRECHAC/PRECHAC ,20-07-2005,21-07-2005
Eté 2005,AVG,AG 10 PRECHAC/PRECHAC ,26-07-2005,27-07-2005
Eté 2005,AVG,AG 10 PRECHAC/PRECHAC ,27-07-2005,28-07-2005
Eté 2005,AVG,AG 10 PRECHAC/PRECHAC ,03-08-2005,04-08-2005
Eté 2005,AVG,AG 10 PRECHAC/PRECHAC ,02-08-2005,03-08-2005
Eté 2005,AVG,AG 10 PRECHAC/PRECHAC ,09-08-2005,10-08-2005
Eté 2005,AVG,AG 10 PRECHAC/PRECHAC ,10-08-2005,11-08-2005
Eté 2005,AVG,AG 10 PRECHAC/PRECHAC ,16-08-2005,17-08-2005
Eté 2005,AVG,AG 10 PRECHAC/PRECHAC ,17-08-2005,18-08-2005
Eté 2005,AVG,AG 10 PRECHAC/PRECHAC ,23-08-2005,24-08-2005
Eté 2005,AVG,AG 10 PRECHAC/PRECHAC ,24-08-2005,25-08-2005
Eté 2006,AVG,AG 10 CIRCUIT AUTOUR DE PRECHAC ,12-07-2006,13-07-2006
Eté 2006,AVG,AG 10 CIRCUIT AUTOUR DE PRECHAC ,18-07-2006,19-07-2006
Eté 2006,AVG,AG 10 CIRCUIT AUTOUR DE PRECHAC ,19-07-2006,20-07-2006
Eté 2006,AVG,AG 10 CIRCUIT AUTOUR DE PRECHAC ,25-07-2006,26-07-2006
Eté 2006,AVG,AG 10 CIRCUIT AUTOUR DE PRECHAC ,26-07-2006,27-07-2006
Eté 2006,AVG,AG 10 CIRCUIT AUTOUR DE PRECHAC ,01-08-2006,02-08-2006
Eté 2006,AVG,AG 10 CIRCUIT AUTOUR DE PRECHAC ,02-08-2006,03-08-2006
Eté 2006,AVG,AG 10 CIRCUIT AUTOUR DE PRECHAC ,08-08-2006,09-08-2006
Eté 2006,AVG,AG 10 CIRCUIT AUTOUR DE PRECHAC ,09-08-2006,10-08-2006
Eté 2006,AVG,AG 10 CIRCUIT AUTOUR DE PRECHAC ,22-08-2006,23-08-2006
Eté 2006,AVG,AG 10 CIRCUIT AUTOUR DE PRECHAC ,16-08-2006,17-08-2006
Eté 2006,AVG,AG 10 CIRCUIT AUTOUR DE PRECHAC ,23-08-2006,24-08-2006
Eté 2006,AVG,AG 10 CIRCUIT AUTOUR DE PRECHAC ,11-07-2006,12-07-2006
Eté 2006,AVG,AG 12 FRONTENAC/FALEYRAS ,24-07-2006,28-07-2006
Eté 2006,AVG,AG 12 FRONTENAC/FALEYRAS ,03-07-2006,07-07-2006
Eté 2006,AVG,AG 12 FRONTENAC/FALEYRAS ,10-07-2006,13-07-2006
Eté 2006,AVG,AG 12 FRONTENAC/FALEYRAS ,17-07-2006,21-07-2006
Eté 2006,AVG,AG 12 FRONTENAC/FALEYRAS ,31-07-2006,04-08-2006
Eté 2006,AVG,AG 12 FRONTENAC/FALEYRAS ,07-08-2006,11-08-2006
Eté 2006,AVG,AG 12 FRONTENAC/FALEYRAS ,14-08-2006,18-08-2006
Eté 2006,AVG,AG 12 FRONTENAC/FALEYRAS ,21-08-2006,25-08-2006
Eté 2006,AVG,AG 02 TAYAC/ST SEURIN SUR L'ISLE ,11-07-2006,13-07-2006
Eté 2006,AVG,AG 02 TAYAC/ST SEURIN SUR L'ISLE ,18-07-2006,20-07-2006
Eté 2006,AVG,AG 02 TAYAC/ST SEURIN SUR L'ISLE ,22-08-2006,24-08-2006
Eté 2006,AVG,AG 02 TAYAC/ST SEURIN SUR L'ISLE ,25-07-2006,27-07-2006
Eté 2006,AVG,AG 02 TAYAC/ST SEURIN SUR L'ISLE ,08-08-2006,10-08-2006
Eté 2006,AVG,AG 02 TAYAC/ST SEURIN SUR L'ISLE ,01-08-2006,03-08-2006
Eté 2006,AVG,AG 14 ST SEURIN SUR L'ISLE ,10-07-2006,11-07-2006
Eté 2006,AVG,AG 14 ST SEURIN SUR L'ISLE ,17-07-2006,18-07-2006
Eté 2006,AVG,AG 14 ST SEURIN SUR L'ISLE ,11-07-2006,12-07-2006
Eté 2006,AVG,AG 14 ST SEURIN SUR L'ISLE ,24-07-2006,25-07-2006
Eté 2006,AVG,AG 14 ST SEURIN SUR L'ISLE ,20-07-2006,21-07-2006
Eté 2006,AVG,AG 14 ST SEURIN SUR L'ISLE ,18-07-2006,19-07-2006
Eté 2006,AVG,AG 14 ST SEURIN SUR L'ISLE ,31-07-2006,01-08-2006
Eté 2006,AVG,AG 14 ST SEURIN SUR L'ISLE ,17-08-2006,18-08-2006
Eté 2006,AVG,AG 14 ST SEURIN SUR L'ISLE ,27-07-2006,28-07-2006
Eté 2006,AVG,AG 14 ST SEURIN SUR L'ISLE ,07-08-2006,08-08-2006
Eté 2006,AVG,AG 14 ST SEURIN SUR L'ISLE ,21-08-2006,22-08-2006
Eté 2006,AVG,AG 14 ST SEURIN SUR L'ISLE ,22-08-2006,23-08-2006
Eté 2006,AVG,AG 14 ST SEURIN SUR L'ISLE ,01-08-2006,02-08-2006
Eté 2006,AVG,AG 14 ST SEURIN SUR L'ISLE ,24-08-2006,25-08-2006
Eté 2006,AVG,AG 14 ST SEURIN SUR L'ISLE ,03-08-2006,04-08-2006
Eté 2006,AVG,AG 14 ST SEURIN SUR L'ISLE ,25-07-2006,26-07-2006
Eté 2006,AVG,AG 14 ST SEURIN SUR L'ISLE ,08-08-2006,09-08-2006
Eté 2006,AVG,AG 14 ST SEURIN SUR L'ISLE ,10-08-2006,11-08-2006
Eté 2006,AVG,AG 06 MORIZES ,06-07-2006,07-07-2006
Eté 2006,AVG,AG 06 MORIZES ,27-07-2006,28-07-2006
Eté 2006,AVG,AG 06 MORIZES ,17-08-2006,18-08-2006
Eté 2006,AVG,AG 06 MORIZES ,10-08-2006,11-08-2006
Eté 2006,AVG,AG 06 MORIZES ,13-07-2006,14-07-2006
Eté 2006,AVG,AG 06 MORIZES ,20-07-2006,21-07-2006
Eté 2006,AVG,AG 06 MORIZES ,03-08-2006,04-08-2006
Eté 2006,AVG,AG 06 MORIZES ,06-07-2006,07-07-2006
Eté 2006,AVG,AG 06 MORIZES ,13-07-2006,14-07-2006
Eté 2006,AVG,AG 06 MORIZES ,27-07-2006,28-07-2006
Eté 2006,AVG,AG 06 MORIZES ,20-07-2006,21-07-2006
Eté 2006,AVG,AG 06 MORIZES ,03-08-2006,04-08-2006
Eté 2006,AVG,AG 06 MORIZES ,10-08-2006,11-08-2006
Eté 2006,AVG,AG 06 MORIZES ,17-08-2006,18-08-2006
Eté 2006,AVG,AG 03 BRAUD ST LOUIS 1 ,03-07-2006,06-07-2006
Eté 2006,AVG,AG 03 BRAUD ST LOUIS 1 ,10-07-2006,13-07-2006
Eté 2006,AVG,AG 03 BRAUD ST LOUIS 1 ,17-07-2006,20-07-2006
Eté 2006,AVG,AG 03 BRAUD ST LOUIS 1 ,24-07-2006,27-07-2006
Eté 2006,AVG,AG 03 BRAUD ST LOUIS 1 ,31-07-2006,03-08-2006
Eté 2006,AVG,AG 03 BRAUD ST LOUIS 1 ,07-08-2006,10-08-2006
Eté 2006,AVG,AG 03 BRAUD ST LOUIS 1 ,14-08-2006,17-08-2006
Eté 2006,AVG,AG 03 BRAUD ST LOUIS 1 ,21-08-2006,24-08-2006
Eté 2006,AVG,AG 08 ST MAGNE/SALLES ,10-07-2006,12-07-2006
Eté 2006,AVG,AG 08 ST MAGNE/SALLES ,17-07-2006,19-07-2006
Eté 2006,AVG,AG 08 ST MAGNE/SALLES ,24-07-2006,26-07-2006
Eté 2006,AVG,AG 08 ST MAGNE/SALLES ,31-07-2006,02-08-2006
Eté 2006,AVG,AG 08 ST MAGNE/SALLES ,07-08-2006,09-08-2006
Eté 2006,AVG,AG 08 ST MAGNE/SALLES ,21-08-2006,23-08-2006
Eté 2006,AVG,AG 09 BELIN BELIET ST MAGNE ,17-07-2006,18-07-2006
Eté 2006,AVG,AG 09 BELIN BELIET ST MAGNE ,10-07-2006,11-07-2006
Eté 2006,AVG,AG 09 BELIN BELIET ST MAGNE ,24-07-2006,25-07-2006
Eté 2006,AVG,AG 09 BELIN BELIET ST MAGNE ,31-07-2006,01-08-2006
Eté 2006,AVG,AG 09 BELIN BELIET ST MAGNE ,07-08-2006,08-08-2006
Eté 2006,AVG,AG 09 BELIN BELIET ST MAGNE ,21-08-2006,22-08-2006
Eté 2006,AVG,AG 11 RAID FRONTENAC ,10-07-2006,13-07-2006
Eté 2006,AVG,AG 11 RAID FRONTENAC ,03-07-2006,06-07-2006
Eté 2006,AVG,AG 11 RAID FRONTENAC ,17-07-2006,20-07-2006
Eté 2006,AVG,AG 11 RAID FRONTENAC ,24-07-2006,27-07-2006
Eté 2006,AVG,AG 11 RAID FRONTENAC ,31-07-2006,03-08-2006
Eté 2006,AVG,AG 11 RAID FRONTENAC ,07-08-2006,10-08-2006
Eté 2006,AVG,AG 11 RAID FRONTENAC ,14-08-2006,17-08-2006
Eté 2006,AVG,AG 11 RAID FRONTENAC ,21-08-2006,24-08-2006
Eté 2006,AVG,AG 13 RAID FALEYRAS FRONTENAC ,03-07-2006,07-07-2006
Eté 2006,AVG,AG 13 RAID FALEYRAS FRONTENAC ,10-07-2006,14-07-2006
Eté 2006,AVG,AG 13 RAID FALEYRAS FRONTENAC ,17-07-2006,21-07-2006
Eté 2006,AVG,AG 13 RAID FALEYRAS FRONTENAC ,24-07-2006,28-07-2006
Eté 2006,AVG,AG 13 RAID FALEYRAS FRONTENAC ,31-07-2006,04-08-2006
Eté 2006,AVG,AG 13 RAID FALEYRAS FRONTENAC ,07-08-2006,11-08-2006
Eté 2006,AVG,AG 13 RAID FALEYRAS FRONTENAC ,21-08-2006,25-08-2006
Eté 2006,AVG,AG 16 LACANAU ,11-07-2006,13-07-2006
Eté 2006,AVG,AG 16 LACANAU ,25-07-2006,27-07-2006
Eté 2006,AVG,AG 16 LACANAU ,01-08-2006,03-08-2006
Eté 2006,AVG,AG 16 LACANAU ,18-07-2006,20-07-2006
Eté 2006,AVG,AG 16 LACANAU ,08-08-2006,10-08-2006
Eté 2006,AVG,AG 16 LACANAU ,16-08-2006,18-08-2006
Eté 2006,AVG,AG 16 LACANAU ,22-08-2006,24-08-2006
Eté 2006,AVG,AG 04 BRAUD ST LOUIS 2 ,04-07-2006,07-07-2006
Eté 2006,AVG,AG 04 BRAUD ST LOUIS 2 ,11-07-2006,14-07-2006
Eté 2006,AVG,AG 04 BRAUD ST LOUIS 2 ,25-07-2006,28-07-2006
Eté 2006,AVG,AG 04 BRAUD ST LOUIS 2 ,18-07-2006,21-07-2006
Eté 2006,AVG,AG 04 BRAUD ST LOUIS 2 ,08-08-2006,11-08-2006
Eté 2006,AVG,AG 04 BRAUD ST LOUIS 2 ,01-08-2006,04-08-2006
Eté 2006,AVG,AG 04 BRAUD ST LOUIS 2 ,15-08-2006,18-08-2006
Eté 2006,AVG,AG 04 BRAUD ST LOUIS 2 ,22-08-2006,25-08-2006
Eté 2006,AVG,AG 01 TAYAC/LES SALLES DE CASTILLON ,10-07-2006,12-07-2006
Eté 2006,AVG,AG 01 TAYAC/LES SALLES DE CASTILLON ,17-07-2006,19-07-2006
Eté 2006,AVG,AG 01 TAYAC/LES SALLES DE CASTILLON ,19-07-2006,21-07-2006
Eté 2006,AVG,AG 01 TAYAC/LES SALLES DE CASTILLON ,24-07-2006,26-07-2006
Eté 2006,AVG,AG 01 TAYAC/LES SALLES DE CASTILLON ,02-08-2006,04-08-2006
Eté 2006,AVG,AG 01 TAYAC/LES SALLES DE CASTILLON ,26-07-2006,28-07-2006
Eté 2006,AVG,AG 01 TAYAC/LES SALLES DE CASTILLON ,31-07-2006,02-08-2006
Eté 2006,AVG,AG 01 TAYAC/LES SALLES DE CASTILLON ,07-08-2006,09-08-2006
Eté 2006,AVG,AG 01 TAYAC/LES SALLES DE CASTILLON ,09-08-2006,11-08-2006
Eté 2006,AVG,AG 01 TAYAC/LES SALLES DE CASTILLON ,16-08-2006,18-08-2006
Eté 2006,AVG,AG 01 TAYAC/LES SALLES DE CASTILLON ,21-08-2006,23-08-2006
Eté 2006,AVG,AG 01 TAYAC/LES SALLES DE CASTILLON ,23-08-2006,25-08-2006
Eté 2006,AVG,AG 05 LEGE ,03-07-2006,05-07-2006
Eté 2006,AVG,AG 05 LEGE ,05-07-2006,07-07-2006
Eté 2006,AVG,AG 05 LEGE ,10-07-2006,12-07-2006
Eté 2006,AVG,AG 05 LEGE ,12-07-2006,14-07-2006
Eté 2006,AVG,AG 05 LEGE ,17-07-2006,19-07-2006
Eté 2006,AVG,AG 05 LEGE ,19-07-2006,21-07-2006
Eté 2006,AVG,AG 05 LEGE ,24-07-2006,26-07-2006
Eté 2006,AVG,AG 05 LEGE ,26-07-2006,28-07-2006
Eté 2006,AVG,AG 05 LEGE ,31-07-2006,02-08-2006
Eté 2006,AVG,AG 05 LEGE ,02-08-2006,04-08-2006
Eté 2006,AVG,AG 05 LEGE ,07-08-2006,09-08-2006
Eté 2006,AVG,AG 05 LEGE ,09-08-2006,11-08-2006
Eté 2006,AVG,AG 05 LEGE ,14-08-2006,16-08-2006
Eté 2006,AVG,AG 05 LEGE ,16-08-2006,18-08-2006
Eté 2006,AVG,AG 05 LEGE ,21-08-2006,23-08-2006
Eté 2006,AVG,AG 05 LEGE ,23-08-2006,25-08-2006
Eté 2006,AVG,AG 07 ST MAGNE/BELIN BELIET ,19-07-2006,21-07-2006
Eté 2006,AVG,AG 07 ST MAGNE/BELIN BELIET ,02-08-2006,04-08-2006
Eté 2006,AVG,AG 07 ST MAGNE/BELIN BELIET ,09-08-2006,11-08-2006
Eté 2006,AVG,AG 07 ST MAGNE/BELIN BELIET ,26-07-2006,28-07-2006
Eté 2006,AVG,AG 07 ST MAGNE/BELIN BELIET ,16-08-2006,18-08-2006
Eté 2006,AVG,AG 07 ST MAGNE/BELIN BELIET ,23-08-2006,25-08-2006
Eté 2006,AVG,AG 15 CAZAUX ,07-08-2006,08-08-2006
Eté 2006,AVG,AG 15 CAZAUX ,10-08-2006,11-08-2006
Eté 2006,AVG,AG 15 CAZAUX ,14-08-2006,15-08-2006
Eté 2006,AVG,AG 15 CAZAUX ,17-08-2006,18-08-2006
Eté 2006,AVG,AG 15 CAZAUX ,21-08-2006,22-08-2006
Eté 2006,AVG,AG 15 CAZAUX ,24-08-2006,25-08-2006
Eté 2006,AVG,AG 15 CAZAUX ,03-07-2006,04-07-2006
Eté 2006,AVG,AG 15 CAZAUX ,06-07-2006,07-07-2006
Eté 2006,AVG,AG 15 CAZAUX ,10-07-2006,11-07-2006
Eté 2006,AVG,AG 15 CAZAUX ,13-07-2006,14-07-2006
Eté 2006,AVG,AG 15 CAZAUX ,17-07-2006,18-07-2006
Eté 2006,AVG,AG 15 CAZAUX ,20-07-2006,21-07-2006
Eté 2006,AVG,AG 15 CAZAUX ,24-07-2006,25-07-2006
Eté 2006,AVG,AG 15 CAZAUX ,27-07-2006,28-07-2006
Eté 2006,AVG,AG 15 CAZAUX ,31-07-2006,01-08-2006
Eté 2006,AVG,AG 15 CAZAUX ,03-08-2006,04-08-2006
Eté 2007,AVG,AG 15 CAZAUX ,30-07-2007,31-07-2007
Eté 2007,AVG,AG 15 CAZAUX ,02-08-2007,03-08-2007
Eté 2007,AVG,AG 15 CAZAUX ,06-08-2007,07-08-2007
Eté 2007,AVG,AG 15 CAZAUX ,09-08-2007,10-08-2007
Eté 2007,AVG,AG 15 CAZAUX ,13-08-2007,14-08-2007
Eté 2007,AVG,AG 15 CAZAUX ,16-08-2007,17-08-2007
Eté 2007,AVG,AG 15 CAZAUX ,20-08-2007,21-08-2007
Eté 2007,AVG,AG 15 CAZAUX ,23-08-2007,24-08-2007
Eté 2007,AVG,AG 15 CAZAUX ,23-07-2007,24-07-2007
Eté 2007,AVG,AG 11 MINI-RAID DANS L'ENTRE -DEUX-MERS ,02-07-2007,04-07-2007
Eté 2007,AVG,AG 11 MINI-RAID DANS L'ENTRE -DEUX-MERS ,16-07-2007,18-07-2007
Eté 2007,AVG,AG 11 MINI-RAID DANS L'ENTRE -DEUX-MERS ,09-07-2007,11-07-2007
Eté 2007,AVG,AG 11 MINI-RAID DANS L'ENTRE -DEUX-MERS ,06-08-2007,08-08-2007
Eté 2007,AVG,AG 11 MINI-RAID DANS L'ENTRE -DEUX-MERS ,20-08-2007,22-08-2007
Eté 2007,AVG,AG 11 MINI-RAID DANS L'ENTRE -DEUX-MERS ,27-08-2007,29-08-2007
Eté 2007,AVG,AG 11 MINI-RAID DANS L'ENTRE -DEUX-MERS ,30-07-2007,01-08-2007
Eté 2007,AVG,AG 11 MINI-RAID DANS L'ENTRE -DEUX-MERS ,23-07-2007,25-07-2007
Eté 2007,AVG,AG 15 CAZAUX ,02-07-2007,03-07-2007
Eté 2007,AVG,AG 15 CAZAUX ,05-07-2007,06-07-2007
Eté 2007,AVG,AG 15 CAZAUX ,09-07-2007,10-07-2007
Eté 2007,AVG,AG 15 CAZAUX ,12-07-2007,13-07-2007
Eté 2007,AVG,AG 15 CAZAUX ,16-07-2007,17-07-2007
Eté 2007,AVG,AG 15 CAZAUX ,19-07-2007,20-07-2007
Eté 2007,AVG,AG 15 CAZAUX ,26-07-2007,27-07-2007
Eté 2007,AVG,AG 03 RAID EN HAUTE GIRONDE ,09-07-2007,12-07-2007
Eté 2007,AVG,AG 03 RAID EN HAUTE GIRONDE ,16-07-2007,19-07-2007
Eté 2007,AVG,AG 03 RAID EN HAUTE GIRONDE ,23-07-2007,26-07-2007
Eté 2007,AVG,AG 03 RAID EN HAUTE GIRONDE ,30-07-2007,02-08-2007
Eté 2007,AVG,AG 03 RAID EN HAUTE GIRONDE ,20-08-2007,23-08-2007
Eté 2007,AVG,AG 03 RAID EN HAUTE GIRONDE ,06-08-2007,09-08-2007
Eté 2007,AVG,AG 04 RAID DE LA POINTE DU MEDOC ,09-07-2007,11-07-2007
Eté 2007,AVG,AG 04 RAID DE LA POINTE DU MEDOC ,16-07-2007,18-07-2007
Eté 2007,AVG,AG 04 RAID DE LA POINTE DU MEDOC ,23-07-2007,25-07-2007
Eté 2007,AVG,AG 04 RAID DE LA POINTE DU MEDOC ,30-07-2007,01-08-2007
Eté 2007,AVG,AG 04 RAID DE LA POINTE DU MEDOC ,20-08-2007,22-08-2007
Eté 2007,AVG,AG 04 RAID DE LA POINTE DU MEDOC ,06-08-2007,08-08-2007
Eté 2007,AVG,AG 08 ST MAGNE/SALLES ,02-07-2007,04-07-2007
Eté 2007,AVG,AG 08 ST MAGNE/SALLES ,09-07-2007,11-07-2007
Eté 2007,AVG,AG 08 ST MAGNE/SALLES ,16-07-2007,18-07-2007
Eté 2007,AVG,AG 08 ST MAGNE/SALLES ,23-07-2007,25-07-2007
Eté 2007,AVG,AG 08 ST MAGNE/SALLES ,30-08-2007,01-08-2007
Eté 2007,AVG,AG 08 ST MAGNE/SALLES ,06-08-2007,08-08-2007
Eté 2007,AVG,AG 01 TAYAC/LES SALLES DE CASTILLON ,04-07-2007,06-07-2007
Eté 2007,AVG,AG 01 TAYAC/LES SALLES DE CASTILLON ,09-07-2007,11-07-2007
Eté 2007,AVG,AG 01 TAYAC/LES SALLES DE CASTILLON ,11-07-2007,13-07-2007
Eté 2007,AVG,AG 01 TAYAC/LES SALLES DE CASTILLON ,16-07-2007,18-07-2007
Eté 2007,AVG,AG 01 TAYAC/LES SALLES DE CASTILLON ,18-07-2007,20-07-2007
Eté 2007,AVG,AG 01 TAYAC/LES SALLES DE CASTILLON ,23-07-2007,25-07-2007
Eté 2007,AVG,AG 01 TAYAC/LES SALLES DE CASTILLON ,25-07-2007,27-07-2007
Eté 2007,AVG,AG 01 TAYAC/LES SALLES DE CASTILLON ,30-07-2007,01-08-2007
Eté 2007,AVG,AG 01 TAYAC/LES SALLES DE CASTILLON ,01-08-2007,03-08-2007
Eté 2007,AVG,AG 01 TAYAC/LES SALLES DE CASTILLON ,06-08-2007,08-08-2007
Eté 2007,AVG,AG 01 TAYAC/LES SALLES DE CASTILLON ,08-08-2007,10-08-2007
Eté 2007,AVG,AG 07 MINI-RAID MULTI-ACTIVITES EN SUD GIRONDE ,11-07-2007,13-07-2007
Eté 2007,AVG,AG 07 MINI-RAID MULTI-ACTIVITES EN SUD GIRONDE ,18-07-2007,20-07-2007
Eté 2007,AVG,AG 07 MINI-RAID MULTI-ACTIVITES EN SUD GIRONDE ,25-07-2007,27-07-2007
Eté 2007,AVG,AG 07 MINI-RAID MULTI-ACTIVITES EN SUD GIRONDE ,01-08-2007,03-08-2007
Eté 2007,AVG,AG 07 MINI-RAID MULTI-ACTIVITES EN SUD GIRONDE ,22-08-2007,24-08-2007
Eté 2007,AVG,AG 07 MINI-RAID MULTI-ACTIVITES EN SUD GIRONDE ,08-08-2007,10-08-2007
Eté 2007,AVG,AG 06 GRASS-TRACK-ULM-AREOMODELISME ,19-07-2007,20-07-2007
Eté 2007,AVG,AG 06 GRASS-TRACK-ULM-AREOMODELISME ,26-07-2007,27-07-2007
Eté 2007,AVG,AG 06 GRASS-TRACK-ULM-AREOMODELISME ,12-07-2007,13-07-2007
Eté 2007,AVG,AG 06 GRASS-TRACK-ULM-AREOMODELISME ,02-08-2007,03-08-2007
Eté 2007,AVG,AG 06 GRASS-TRACK-ULM-AREOMODELISME ,16-08-2007,17-08-2007
Eté 2007,AVG,AG 06 GRASS-TRACK-ULM-AREOMODELISME ,09-08-2007,10-08-2007
Eté 2007,AVG,AG 06 GRASS-TRACK-ULM-AREOMODELISME ,19-07-2007,20-07-2007
Eté 2007,AVG,AG 06 GRASS-TRACK-ULM-AREOMODELISME ,12-07-2007,13-07-2007
Eté 2007,AVG,AG 06 GRASS-TRACK-ULM-AREOMODELISME ,09-08-2007,10-08-2007
Eté 2007,AVG,AG 06 GRASS-TRACK-ULM-AREOMODELISME ,26-07-2007,27-07-2007
Eté 2007,AVG,AG 06 GRASS-TRACK-ULM-AREOMODELISME ,16-08-2007,17-08-2007
Eté 2007,AVG,AG 06 GRASS-TRACK-ULM-AREOMODELISME ,02-08-2007,03-08-2007
Eté 2007,AVG,AG 12 FRONTENAC/FALEYRAS ,02-07-2007,06-07-2007
Eté 2007,AVG,AG 12 FRONTENAC/FALEYRAS ,09-07-2007,13-07-2007
Eté 2007,AVG,AG 12 FRONTENAC/FALEYRAS ,16-07-2007,20-07-2007
Eté 2007,AVG,AG 12 FRONTENAC/FALEYRAS ,23-07-2007,27-07-2007
Eté 2007,AVG,AG 12 FRONTENAC/FALEYRAS ,30-07-2007,03-08-2007
Eté 2007,AVG,AG 12 FRONTENAC/FALEYRAS ,06-08-2007,10-08-2007
Eté 2007,AVG,AG 12 FRONTENAC/FALEYRAS ,20-08-2007,24-08-2007
Eté 2007,AVG,AG 13 CHALLENGE RAID CALC'R ,02-07-2007,06-07-2007
Eté 2007,AVG,AG 13 CHALLENGE RAID CALC'R ,09-07-2007,13-07-2007
Eté 2007,AVG,AG 13 CHALLENGE RAID CALC'R ,16-07-2007,20-07-2007
Eté 2007,AVG,AG 13 CHALLENGE RAID CALC'R ,23-07-2007,27-07-2007
Eté 2007,AVG,AG 13 CHALLENGE RAID CALC'R ,30-07-2007,03-08-2007
Eté 2007,AVG,AG 13 CHALLENGE RAID CALC'R ,06-08-2007,10-08-2007
Eté 2007,AVG,AG 13 CHALLENGE RAID CALC'R ,20-08-2007,24-08-2007
Eté 2007,AVG,AG 02 ST CHRISTOPHE DE DOUBLE /ST SEURIN SUR L'ISLE ,10-07-2007,12-07-2007
Eté 2007,AVG,AG 02 ST CHRISTOPHE DE DOUBLE /ST SEURIN SUR L'ISLE ,17-07-2007,19-07-2007
Eté 2007,AVG,AG 02 ST CHRISTOPHE DE DOUBLE /ST SEURIN SUR L'ISLE ,24-07-2007,26-07-2007
Eté 2007,AVG,AG 02 ST CHRISTOPHE DE DOUBLE /ST SEURIN SUR L'ISLE ,31-07-2007,02-08-2007
Eté 2007,AVG,AG 02 ST CHRISTOPHE DE DOUBLE /ST SEURIN SUR L'ISLE ,07-08-2007,09-08-2007
Eté 2007,AVG,AG 02 ST CHRISTOPHE DE DOUBLE /ST SEURIN SUR L'ISLE ,21-08-2007,23-08-2007
Eté 2007,AVG,AG 10 HOSTENS / BALIZAC /PRECHAC ,09-07-2007,11-07-2007
Eté 2007,AVG,AG 10 HOSTENS / BALIZAC /PRECHAC ,10-07-2007,12-07-2007
Eté 2007,AVG,AG 10 HOSTENS / BALIZAC /PRECHAC ,16-07-2007,18-07-2007
Eté 2007,AVG,AG 10 HOSTENS / BALIZAC /PRECHAC ,17-07-2007,19-07-2007
Eté 2007,AVG,AG 10 HOSTENS / BALIZAC /PRECHAC ,23-07-2007,25-07-2007
Eté 2007,AVG,AG 10 HOSTENS / BALIZAC /PRECHAC ,24-07-2007,26-07-2007
Eté 2007,AVG,AG 10 HOSTENS / BALIZAC /PRECHAC ,30-07-2007,01-08-2007
Eté 2007,AVG,AG 10 HOSTENS / BALIZAC /PRECHAC ,31-07-2007,02-08-2007
Eté 2007,AVG,AG 10 HOSTENS / BALIZAC /PRECHAC ,07-08-2007,09-08-2007
Eté 2007,AVG,AG 10 HOSTENS / BALIZAC /PRECHAC ,06-08-2007,08-08-2007
Eté 2007,AVG,AG 10 HOSTENS / BALIZAC /PRECHAC ,20-08-2007,22-08-2007
Eté 2007,AVG,AG 10 HOSTENS / BALIZAC /PRECHAC ,21-08-2007,23-08-2007
Eté 2007,AVG,AG 14 ST SEURIN SUR L'ISLE ,05-07-2007,06-07-2007
Eté 2007,AVG,AG 14 ST SEURIN SUR L'ISLE ,09-07-2007,10-07-2007
Eté 2007,AVG,AG 14 ST SEURIN SUR L'ISLE ,10-07-2007,11-07-2007
Eté 2007,AVG,AG 14 ST SEURIN SUR L'ISLE ,12-07-2007,13-07-2007
Eté 2007,AVG,AG 14 ST SEURIN SUR L'ISLE ,16-07-2007,17-07-2007
Eté 2007,AVG,AG 14 ST SEURIN SUR L'ISLE ,17-07-2007,18-07-2007
Eté 2007,AVG,AG 14 ST SEURIN SUR L'ISLE ,19-07-2007,20-07-2007
Eté 2007,AVG,AG 14 ST SEURIN SUR L'ISLE ,23-07-2007,24-07-2007
Eté 2007,AVG,AG 14 ST SEURIN SUR L'ISLE ,24-07-2007,25-07-2007
Eté 2007,AVG,AG 14 ST SEURIN SUR L'ISLE ,26-07-2007,27-07-2007
Eté 2007,AVG,AG 14 ST SEURIN SUR L'ISLE ,30-07-2007,31-07-2007
Eté 2007,AVG,AG 14 ST SEURIN SUR L'ISLE ,31-07-2007,01-08-2007
Eté 2007,AVG,AG 14 ST SEURIN SUR L'ISLE ,02-08-2007,03-08-2007
Eté 2007,AVG,AG 14 ST SEURIN SUR L'ISLE ,06-08-2007,07-08-2007
Eté 2007,AVG,AG 14 ST SEURIN SUR L'ISLE ,07-08-2007,08-08-2007
Eté 2007,AVG,AG 14 ST SEURIN SUR L'ISLE ,09-08-2007,10-08-2007
Eté 2007,AVG,AG 14 ST SEURIN SUR L'ISLE ,20-08-2007,21-08-2007
Eté 2007,AVG,AG 14 ST SEURIN SUR L'ISLE ,21-08-2007,22-08-2007
Eté 2007,AVG,AG 09 RAID MULTIACTIVITES EN SUD GIRONDE ,09-07-2007,10-07-2007
Eté 2007,AVG,AG 09 RAID MULTIACTIVITES EN SUD GIRONDE ,16-07-2007,17-07-2007
Eté 2007,AVG,AG 09 RAID MULTIACTIVITES EN SUD GIRONDE ,23-07-2007,24-07-2007
Eté 2007,AVG,AG 09 RAID MULTIACTIVITES EN SUD GIRONDE ,30-07-2007,31-07-2007
Eté 2007,AVG,AG 09 RAID MULTIACTIVITES EN SUD GIRONDE ,06-08-2007,07-08-2007
Eté 2007,AVG,AG 09 RAID MULTIACTIVITES EN SUD GIRONDE ,13-08-2007,14-08-2007
Eté 2007,AVG,AG 09 RAID MULTIACTIVITES EN SUD GIRONDE ,20-08-2007,21-08-2007
Eté 2007,AVG,AG 09 RAID MULTIACTIVITES EN SUD GIRONDE ,27-08-2007,28-08-2007
Eté 2007,AVG,AG 16 LACANAU ,10-07-2007,12-07-2007
Eté 2007,AVG,AG 16 LACANAU ,17-07-2007,19-07-2007
Eté 2007,AVG,AG 16 LACANAU ,24-07-2007,26-07-2007
Eté 2007,AVG,AG 16 LACANAU ,31-07-2007,02-08-2007
Eté 2007,AVG,AG 16 LACANAU ,07-08-2007,09-08-2007
Eté 2007,AVG,AG 16 LACANAU ,21-08-2007,23-08-2007
Eté 2007,AVG,AG 16 LACANAU ,28-08-2007,30-08-2007
Eté 2007,AVG,AG 05 RAID MULTIGLISSE ,04-07-2007,06-07-2007
Eté 2007,AVG,AG 05 RAID MULTIGLISSE ,02-07-2007,04-07-2007
Eté 2007,AVG,AG 05 RAID MULTIGLISSE ,09-07-2007,11-07-2007
Eté 2007,AVG,AG 05 RAID MULTIGLISSE ,11-07-2007,13-07-2007
Eté 2007,AVG,AG 05 RAID MULTIGLISSE ,16-07-2007,18-07-2007
Eté 2007,AVG,AG 05 RAID MULTIGLISSE ,18-07-2007,20-07-2007
Eté 2007,AVG,AG 05 RAID MULTIGLISSE ,25-07-2007,27-07-2007
Eté 2007,AVG,AG 05 RAID MULTIGLISSE ,23-07-2007,25-07-2007
Eté 2007,AVG,AG 05 RAID MULTIGLISSE ,01-08-2007,03-08-2007
Eté 2007,AVG,AG 05 RAID MULTIGLISSE ,30-07-2007,01-08-2007
Eté 2007,AVG,AG 05 RAID MULTIGLISSE ,06-08-2007,08-08-2007
Eté 2007,AVG,AG 05 RAID MULTIGLISSE ,08-08-2007,10-08-2007
Eté 2007,AVG,AG 05 RAID MULTIGLISSE ,20-08-2007,22-08-2007
Eté 2007,AVG,AG 05 RAID MULTIGLISSE ,22-08-2007,24-08-2007
Eté 2007,AVG,AG 05 RAID MULTIGLISSE ,27-08-2007,29-08-2007
Eté 2007,AVG,AG 05 RAID MULTIGLISSE ,29-08-2007,31-08-2007
Eté 2008,AVG,AG 15 ST SEURIN SUR L'ISLE ,03-07-2008,04-07-2008
Eté 2008,AVG,AG 15 ST SEURIN SUR L'ISLE ,29-07-2008,30-07-2008
Eté 2008,AVG,AG 15 ST SEURIN SUR L'ISLE ,21-07-2008,22-07-2008
Eté 2008,AVG,AG 15 ST SEURIN SUR L'ISLE ,07-07-2008,08-07-2008
Eté 2008,AVG,AG 15 ST SEURIN SUR L'ISLE ,04-08-2008,05-08-2008
Eté 2008,AVG,AG 15 ST SEURIN SUR L'ISLE ,28-07-2008,29-07-2008
Eté 2008,AVG,AG 15 ST SEURIN SUR L'ISLE ,18-08-2008,19-08-2008
Eté 2008,AVG,AG 15 ST SEURIN SUR L'ISLE ,10-07-2008,11-07-2008
Eté 2008,AVG,AG 15 ST SEURIN SUR L'ISLE ,15-07-2008,16-07-2008
Eté 2008,AVG,AG 15 ST SEURIN SUR L'ISLE ,22-07-2008,23-07-2008
Eté 2008,AVG,AG 15 ST SEURIN SUR L'ISLE ,07-08-2008,08-08-2008
Eté 2008,AVG,AG 15 ST SEURIN SUR L'ISLE ,19-08-2008,20-08-2008
Eté 2008,AVG,AG 15 ST SEURIN SUR L'ISLE ,05-08-2008,06-08-2008
Eté 2008,AVG,AG 15 ST SEURIN SUR L'ISLE ,08-07-2008,09-07-2008
Eté 2008,AVG,AG 15 ST SEURIN SUR L'ISLE ,21-08-2008,22-08-2008
Eté 2008,AVG,AG 15 ST SEURIN SUR L'ISLE ,31-07-2008,01-08-2008
Eté 2008,AVG,AG 15 ST SEURIN SUR L'ISLE ,17-07-2008,18-07-2008
Eté 2008,AVG,AG 15 ST SEURIN SUR L'ISLE ,24-07-2008,25-07-2008
Eté 2008,AVG,AG 16 CAZAUX  ,30-06-2008,02-07-2008
Eté 2008,AVG,AG 16 CAZAUX  ,02-07-2008,04-07-2008
Eté 2008,AVG,AG 16 CAZAUX  ,07-07-2008,09-07-2008
Eté 2008,AVG,AG 16 CAZAUX  ,06-08-2008,08-08-2008
Eté 2008,AVG,AG 16 CAZAUX  ,11-08-2008,13-08-2008
Eté 2008,AVG,AG 16 CAZAUX  ,21-07-2008,23-07-2008
Eté 2008,AVG,AG 16 CAZAUX  ,09-07-2008,11-07-2008
Eté 2008,AVG,AG 16 CAZAUX  ,16-07-2008,18-07-2008
Eté 2008,AVG,AG 16 CAZAUX  ,23-07-2008,25-07-2008
Eté 2008,AVG,AG 16 CAZAUX  ,25-08-2008,27-08-2008
Eté 2008,AVG,AG 16 CAZAUX  ,20-08-2008,22-08-2008
Eté 2008,AVG,AG 16 CAZAUX  ,18-08-2008,20-08-2008
Eté 2008,AVG,AG 16 CAZAUX  ,27-08-2008,29-08-2008
Eté 2008,AVG,AG 16 CAZAUX  ,04-08-2008,06-08-2008
Eté 2008,AVG,AG 16 CAZAUX  ,30-07-2008,01-08-2008
Eté 2008,AVG,AG 16 CAZAUX  ,28-07-2008,30-07-2008
Eté 2008,AVG,AG 02 LES SALLES DE CASTILLON / FALEYRAS ,08-07-2008,11-07-2008
Eté 2008,AVG,AG 02 LES SALLES DE CASTILLON / FALEYRAS ,05-08-2008,08-08-2008
Eté 2008,AVG,AG 02 LES SALLES DE CASTILLON / FALEYRAS ,15-07-2008,18-07-2008
Eté 2008,AVG,AG 02 LES SALLES DE CASTILLON / FALEYRAS ,19-08-2008,22-08-2008
Eté 2008,AVG,AG 02 LES SALLES DE CASTILLON / FALEYRAS ,22-07-2008,25-07-2008
Eté 2008,AVG,AG 02 LES SALLES DE CASTILLON / FALEYRAS ,29-07-2008,01-08-2008
Eté 2008,AVG,AG 17 LACANAU ,08-07-2008,10-07-2008
Eté 2008,AVG,AG 17 LACANAU ,15-07-2008,17-07-2008
Eté 2008,AVG,AG 17 LACANAU ,22-07-2008,24-07-2008
Eté 2008,AVG,AG 17 LACANAU ,05-08-2008,07-08-2008
Eté 2008,AVG,AG 17 LACANAU ,19-08-2008,21-08-2008
Eté 2008,AVG,AG 17 LACANAU ,12-08-2008,14-08-2008
Eté 2008,AVG,AG 17 LACANAU ,29-07-2008,31-07-2008
Eté 2008,AVG,AG 11 BELIN-BELIET / ST MAGNE ,01-07-2008,02-07-2008
Eté 2008,AVG,AG 11 BELIN-BELIET / ST MAGNE ,08-07-2008,09-07-2008
Eté 2008,AVG,AG 11 BELIN-BELIET / ST MAGNE ,15-07-2008,16-07-2008
Eté 2008,AVG,AG 11 BELIN-BELIET / ST MAGNE ,22-07-2008,23-07-2008
Eté 2008,AVG,AG 11 BELIN-BELIET / ST MAGNE ,29-07-2008,30-07-2008
Eté 2008,AVG,AG 11 BELIN-BELIET / ST MAGNE ,05-08-2008,06-08-2008
Eté 2008,AVG,AG 09 BELIN-BELIET / HOSTENS ,02-07-2008,04-07-2008
Eté 2008,AVG,AG 09 BELIN-BELIET / HOSTENS ,09-07-2008,11-07-2008
Eté 2008,AVG,AG 09 BELIN-BELIET / HOSTENS ,16-07-2008,18-07-2008
Eté 2008,AVG,AG 09 BELIN-BELIET / HOSTENS ,23-07-2008,25-07-2008
Eté 2008,AVG,AG 09 BELIN-BELIET / HOSTENS ,30-07-2008,01-08-2008
Eté 2008,AVG,AG 09 BELIN-BELIET / HOSTENS ,06-08-2008,08-08-2008
Eté 2008,AVG,AG 08 MORIZES / FLOUDES ,10-07-2008,11-07-2008
Eté 2008,AVG,AG 08 MORIZES / FLOUDES ,10-07-2008,11-07-2008
Eté 2008,AVG,AG 08 MORIZES / FLOUDES ,17-07-2008,18-07-2008
Eté 2008,AVG,AG 08 MORIZES / FLOUDES ,17-07-2008,18-07-2008
Eté 2008,AVG,AG 08 MORIZES / FLOUDES ,24-07-2008,25-07-2008
Eté 2008,AVG,AG 08 MORIZES / FLOUDES ,24-07-2008,25-07-2008
Eté 2008,AVG,AG 08 MORIZES / FLOUDES ,31-07-2008,01-08-2008
Eté 2008,AVG,AG 08 MORIZES / FLOUDES ,31-07-2008,01-08-2008
Eté 2008,AVG,AG 08 MORIZES / FLOUDES ,07-08-2008,08-08-2008
Eté 2008,AVG,AG 08 MORIZES / FLOUDES ,07-08-2008,08-08-2008
Eté 2008,AVG,AG 12 PRECHAC / BERNOS-BEAULAC ,08-07-2008,10-07-2008
Eté 2008,AVG,AG 12 PRECHAC / BERNOS-BEAULAC ,15-07-2008,17-07-2008
Eté 2008,AVG,AG 12 PRECHAC / BERNOS-BEAULAC ,22-07-2008,24-07-2008
Eté 2008,AVG,AG 12 PRECHAC / BERNOS-BEAULAC ,29-07-2008,31-07-2008
Eté 2008,AVG,AG 12 PRECHAC / BERNOS-BEAULAC ,05-08-2008,07-08-2008
Eté 2008,AVG,AG 12 PRECHAC / BERNOS-BEAULAC ,12-08-2008,14-08-2008
Eté 2008,AVG,AG 13 VILLANDRAUT ,15-07-2008,16-07-2008
Eté 2008,AVG,AG 13 VILLANDRAUT ,08-07-2008,09-07-2008
Eté 2008,AVG,AG 13 VILLANDRAUT ,22-07-2008,23-07-2008
Eté 2008,AVG,AG 13 VILLANDRAUT ,29-07-2008,30-07-2008
Eté 2008,AVG,AG 13 VILLANDRAUT ,05-08-2008,06-08-2008
Eté 2008,AVG,AG 13 VILLANDRAUT ,12-08-2008,13-08-2008
Eté 2008,AVG,AG 01 LES SALLES DE CASTILLON / FALEYRAS ,07-07-2008,10-07-2008
Eté 2008,AVG,AG 01 LES SALLES DE CASTILLON / FALEYRAS ,21-07-2008,24-07-2008
Eté 2008,AVG,AG 01 LES SALLES DE CASTILLON / FALEYRAS ,28-07-2008,31-07-2008
Eté 2008,AVG,AG 01 LES SALLES DE CASTILLON / FALEYRAS ,04-08-2008,07-08-2008
Eté 2008,AVG,AG 01 LES SALLES DE CASTILLON / FALEYRAS ,11-08-2008,14-08-2008
Eté 2008,AVG,AG 01 LES SALLES DE CASTILLON / FALEYRAS ,18-08-2008,21-08-2008
Eté 2008,AVG,AG 05 RAID EN HAUTE GIRONDE  ,07-07-2008,08-07-2008
Eté 2008,AVG,AG 05 RAID EN HAUTE GIRONDE  ,21-07-2008,22-07-2008
Eté 2008,AVG,AG 05 RAID EN HAUTE GIRONDE  ,28-07-2008,29-07-2008
Eté 2008,AVG,AG 05 RAID EN HAUTE GIRONDE  ,04-08-2008,05-08-2008
Eté 2008,AVG,AG 05 RAID EN HAUTE GIRONDE  ,11-08-2008,12-08-2008
Eté 2008,AVG,AG 05 RAID EN HAUTE GIRONDE  ,18-08-2008,19-08-2008
Eté 2008,AVG,AG 10 HOSTENS / ST MAGNE ,07-07-2008,08-07-2008
Eté 2008,AVG,AG 10 HOSTENS / ST MAGNE ,21-07-2008,22-07-2008
Eté 2008,AVG,AG 10 HOSTENS / ST MAGNE ,28-07-2008,29-07-2008
Eté 2008,AVG,AG 10 HOSTENS / ST MAGNE ,04-08-2008,05-08-2008
Eté 2008,AVG,AG 10 HOSTENS / ST MAGNE ,11-08-2008,12-08-2008
Eté 2008,AVG,AG 10 HOSTENS / ST MAGNE ,18-08-2008,19-08-2008
Eté 2008,AVG,AG 06 RAID EN HAUTE GIRONDE (2) ,23-07-2008,24-07-2008
Eté 2008,AVG,AG 06 RAID EN HAUTE GIRONDE (2) ,09-07-2008,10-07-2008
Eté 2008,AVG,AG 06 RAID EN HAUTE GIRONDE (2) ,30-07-2008,31-07-2008
Eté 2008,AVG,AG 06 RAID EN HAUTE GIRONDE (2) ,06-08-2008,07-08-2008
Eté 2008,AVG,AG 06 RAID EN HAUTE GIRONDE (2) ,13-08-2008,14-08-2008
Eté 2008,AVG,AG 06 RAID EN HAUTE GIRONDE (2) ,20-08-2008,21-08-2008
Eté 2008,AVG,AG 04 RAID DE LA POINTE MEDOC ,07-07-2008,09-07-2008
Eté 2008,AVG,AG 04 RAID DE LA POINTE MEDOC ,21-07-2008,23-07-2008
Eté 2008,AVG,AG 04 RAID DE LA POINTE MEDOC ,28-07-2008,30-07-2008
Eté 2008,AVG,AG 04 RAID DE LA POINTE MEDOC ,04-08-2008,06-08-2008
Eté 2008,AVG,AG 04 RAID DE LA POINTE MEDOC ,11-08-2008,13-08-2008
Eté 2008,AVG,AG 04 RAID DE LA POINTE MEDOC ,18-08-2008,20-08-2008
Eté 2008,AVG,AG 04 RAID DE LA POINTE MEDOC ,25-08-2008,27-08-2008
Eté 2008,AVG,AG 07 RAID MULTIGLISSE ,07-07-2008,10-07-2008
Eté 2008,AVG,AG 07 RAID MULTIGLISSE ,07-07-2008,10-07-2008
Eté 2008,AVG,AG 07 RAID MULTIGLISSE ,15-07-2008,18-07-2008
Eté 2008,AVG,AG 07 RAID MULTIGLISSE ,15-07-2008,18-07-2008
Eté 2008,AVG,AG 07 RAID MULTIGLISSE ,21-07-2008,24-07-2008
Eté 2008,AVG,AG 07 RAID MULTIGLISSE ,21-07-2008,24-07-2008
Eté 2008,AVG,AG 07 RAID MULTIGLISSE ,28-07-2008,31-07-2008
Eté 2008,AVG,AG 07 RAID MULTIGLISSE ,28-07-2008,31-07-2008
Eté 2008,AVG,AG 07 RAID MULTIGLISSE ,04-08-2008,07-08-2008
Eté 2008,AVG,AG 07 RAID MULTIGLISSE ,04-08-2008,07-08-2008
Eté 2008,AVG,AG 07 RAID MULTIGLISSE ,11-08-2008,14-08-2008
Eté 2008,AVG,AG 07 RAID MULTIGLISSE ,11-08-2008,14-08-2008
Eté 2008,AVG,AG 07 RAID MULTIGLISSE ,18-08-2008,21-08-2008
Eté 2008,AVG,AG 07 RAID MULTIGLISSE ,18-08-2008,21-08-2008
Eté 2008,AVG,AG 07 RAID MULTIGLISSE ,25-08-2008,28-08-2008
Eté 2008,AVG,AG 07 RAID MULTIGLISSE ,25-08-2008,28-08-2008
Eté 2008,AVG,AG 14 HOSTENS ,21-07-2008,23-07-2008
Eté 2008,AVG,AG 14 HOSTENS ,28-07-2008,30-07-2008
Eté 2008,AVG,AG 14 HOSTENS ,04-08-2008,06-08-2008
Eté 2008,AVG,AG 14 HOSTENS ,11-08-2008,13-08-2008
Eté 2008,AVG,AG 14 HOSTENS ,18-08-2008,20-08-2008
Eté 2008,AVG,AG 14 HOSTENS ,25-08-2008,27-08-2008
Eté 2008,AVG,AG 03 ST CHRISTOPHE DE DOUBLE / ST SEURIN ,08-07-2008,10-07-2008
Eté 2008,AVG,AG 03 ST CHRISTOPHE DE DOUBLE / ST SEURIN ,15-07-2008,17-07-2008
Eté 2008,AVG,AG 03 ST CHRISTOPHE DE DOUBLE / ST SEURIN ,29-07-2008,31-07-2008
Eté 2008,AVG,AG 03 ST CHRISTOPHE DE DOUBLE / ST SEURIN ,05-08-2008,07-08-2008
Eté 2008,AVG,AG 03 ST CHRISTOPHE DE DOUBLE / ST SEURIN ,22-07-2008,24-07-2008
Eté 2008,AVG,AG 03 ST CHRISTOPHE DE DOUBLE / ST SEURIN ,12-08-2008,14-08-2008
Eté 2008,AVG,AG 03 ST CHRISTOPHE DE DOUBLE / ST SEURIN ,26-08-2008,28-08-2008
Eté 2009,AVG,AG 15 ST SEURIN SUR L'ISLE ,28-07-2009,29-07-2009
Eté 2009,AVG,AG 15 ST SEURIN SUR L'ISLE ,16-07-2009,17-07-2009
Eté 2009,AVG,AG 15 ST SEURIN SUR L'ISLE ,23-07-2009,24-07-2009
Eté 2009,AVG,AG 15 ST SEURIN SUR L'ISLE ,27-07-2009,28-07-2009
Eté 2009,AVG,AG 15 ST SEURIN SUR L'ISLE ,20-07-2009,21-07-2009
Eté 2009,AVG,AG 15 ST SEURIN SUR L'ISLE ,07-07-2009,08-07-2009
Eté 2009,AVG,AG 15 ST SEURIN SUR L'ISLE ,10-08-2009,11-08-2009
Eté 2009,AVG,AG 15 ST SEURIN SUR L'ISLE ,09-07-2009,10-07-2009
Eté 2009,AVG,AG 15 ST SEURIN SUR L'ISLE ,11-08-2009,12-08-2009
Eté 2009,AVG,AG 15 ST SEURIN SUR L'ISLE ,04-08-2009,05-08-2009
Eté 2009,AVG,AG 15 ST SEURIN SUR L'ISLE ,30-07-2009,31-07-2009
Eté 2009,AVG,AG 15 ST SEURIN SUR L'ISLE ,03-08-2009,04-08-2009
Eté 2009,AVG,AG 15 ST SEURIN SUR L'ISLE ,21-07-2009,22-07-2009
Eté 2009,AVG,AG 15 ST SEURIN SUR L'ISLE ,06-07-2009,07-07-2009
Eté 2009,AVG,AG 13 VILLANDRAUT ,21-07-2009,22-07-2009
Eté 2009,AVG,AG 13 VILLANDRAUT ,11-08-2009,12-08-2009
Eté 2009,AVG,AG 13 VILLANDRAUT ,04-08-2009,05-08-2009
Eté 2009,AVG,AG 13 VILLANDRAUT ,28-07-2009,29-07-2009
Eté 2009,AVG,AG 13 VILLANDRAUT ,18-08-2009,19-08-2009
Eté 2009,AVG,AG 13 VILLANDRAUT ,07-07-2009,08-07-2009
Eté 2009,AVG,AG 12 PRECHAC / BERNOS-BEAULAC ,21-07-2009,23-07-2009
Eté 2009,AVG,AG 12 PRECHAC / BERNOS-BEAULAC ,11-08-2009,13-08-2009
Eté 2009,AVG,AG 12 PRECHAC / BERNOS-BEAULAC ,04-08-2009,06-08-2009
Eté 2009,AVG,AG 12 PRECHAC / BERNOS-BEAULAC ,07-07-2009,09-07-2009
Eté 2009,AVG,AG 12 PRECHAC / BERNOS-BEAULAC ,18-08-2009,20-08-2009
Eté 2009,AVG,AG 12 PRECHAC / BERNOS-BEAULAC ,28-07-2009,30-07-2009
Eté 2009,AVG,AG 08 MINI RAID MORIZES - FLOUDES ,09-07-2009,10-07-2009
Eté 2009,AVG,AG 08 MINI RAID MORIZES - FLOUDES ,09-07-2009,10-07-2009
Eté 2009,AVG,AG 08 MINI RAID MORIZES - FLOUDES ,16-07-2009,17-07-2009
Eté 2009,AVG,AG 08 MINI RAID MORIZES - FLOUDES ,23-07-2009,24-07-2009
Eté 2009,AVG,AG 08 MINI RAID MORIZES - FLOUDES ,23-07-2009,24-07-2009
Eté 2009,AVG,AG 08 MINI RAID MORIZES - FLOUDES ,16-07-2009,17-07-2009
Eté 2009,AVG,AG 08 MINI RAID MORIZES - FLOUDES ,30-07-2009,31-07-2009
Eté 2009,AVG,AG 08 MINI RAID MORIZES - FLOUDES ,06-08-2009,07-08-2009
Eté 2009,AVG,AG 08 MINI RAID MORIZES - FLOUDES ,30-07-2009,31-07-2009
Eté 2009,AVG,AG 08 MINI RAID MORIZES - FLOUDES ,06-08-2009,07-08-2009
Eté 2009,AVG,AG 05 MINI RAID EN HAUTE GIRONDE (1) ,06-07-2009,07-07-2009
Eté 2009,AVG,AG 05 MINI RAID EN HAUTE GIRONDE (1) ,20-07-2009,21-07-2009
Eté 2009,AVG,AG 05 MINI RAID EN HAUTE GIRONDE (1) ,27-07-2009,28-07-2009
Eté 2009,AVG,AG 05 MINI RAID EN HAUTE GIRONDE (1) ,03-08-2009,04-08-2009
Eté 2009,AVG,AG 05 MINI RAID EN HAUTE GIRONDE (1) ,10-08-2009,11-08-2009
Eté 2009,AVG,AG 07 RAID MULTI GLISSE LEGE ,06-07-2009,09-07-2009
Eté 2009,AVG,AG 07 RAID MULTI GLISSE LEGE ,20-07-2009,23-07-2009
Eté 2009,AVG,AG 07 RAID MULTI GLISSE LEGE ,27-07-2009,30-07-2009
Eté 2009,AVG,AG 07 RAID MULTI GLISSE LEGE ,03-08-2009,06-08-2009
Eté 2009,AVG,AG 07 RAID MULTI GLISSE LEGE ,10-08-2009,13-08-2009
Eté 2009,AVG,AG 07 RAID MULTI GLISSE LEGE ,17-08-2009,20-08-2009
Eté 2009,AVG,AG 07 RAID MULTI GLISSE LEGE ,24-08-2009,27-08-2009
Eté 2009,AVG,AG 07 RAID MULTI GLISSE LEGE ,24-08-2009,27-08-2009
Eté 2009,AVG,AG 07 RAID MULTI GLISSE LEGE ,27-07-2009,30-07-2009
Eté 2009,AVG,AG 07 RAID MULTI GLISSE LEGE ,17-08-2009,20-08-2009
Eté 2009,AVG,AG 07 RAID MULTI GLISSE LEGE ,06-07-2009,09-07-2009
Eté 2009,AVG,AG 07 RAID MULTI GLISSE LEGE ,20-07-2009,23-07-2009
Eté 2009,AVG,AG 07 RAID MULTI GLISSE LEGE ,03-08-2009,06-08-2009
Eté 2009,AVG,AG 07 RAID MULTI GLISSE LEGE ,10-08-2009,13-08-2009
Eté 2009,AVG,AG 16 CAZAUX  ,01-07-2009,03-07-2009
Eté 2009,AVG,AG 16 CAZAUX  ,06-07-2009,08-07-2009
Eté 2009,AVG,AG 16 CAZAUX  ,08-07-2009,10-07-2009
Eté 2009,AVG,AG 16 CAZAUX  ,15-07-2009,17-07-2009
Eté 2009,AVG,AG 16 CAZAUX  ,20-07-2009,22-07-2009
Eté 2009,AVG,AG 16 CAZAUX  ,22-07-2009,24-07-2009
Eté 2009,AVG,AG 16 CAZAUX  ,27-07-2009,29-07-2009
Eté 2009,AVG,AG 16 CAZAUX  ,29-07-2009,31-07-2009
Eté 2009,AVG,AG 16 CAZAUX  ,05-08-2009,07-08-2009
Eté 2009,AVG,AG 16 CAZAUX  ,03-08-2009,05-08-2009
Eté 2009,AVG,AG 16 CAZAUX  ,19-08-2009,21-08-2009
Eté 2009,AVG,AG 16 CAZAUX  ,26-08-2009,28-08-2009
Eté 2009,AVG,AG 16 CAZAUX  ,10-08-2009,12-08-2009
Eté 2009,AVG,AG 16 CAZAUX  ,17-08-2009,19-08-2009
Eté 2009,AVG,AG 16 CAZAUX  ,24-08-2009,26-08-2009
Eté 2009,AVG,AG 16 CAZAUX  ,12-08-2009,14-08-2009
Eté 2009,AVG,AG 10 HOSTENS / ST MAGNE ,27-07-2009,28-07-2009
Eté 2009,AVG,AG 10 HOSTENS / ST MAGNE ,20-07-2009,21-07-2009
Eté 2009,AVG,AG 10 HOSTENS / ST MAGNE ,03-08-2009,04-08-2009
Eté 2009,AVG,AG 10 HOSTENS / ST MAGNE ,10-08-2009,11-08-2009
Eté 2009,AVG,AG 10 HOSTENS / ST MAGNE ,24-08-2009,25-08-2009
Eté 2009,AVG,AG 10 HOSTENS / ST MAGNE ,17-08-2009,18-08-2009
Eté 2009,AVG,AG 02 SALLES DE CASTILLON / FALEYRAS ,07-07-2009,10-07-2009
Eté 2009,AVG,AG 02 SALLES DE CASTILLON / FALEYRAS ,21-07-2009,24-07-2009
Eté 2009,AVG,AG 02 SALLES DE CASTILLON / FALEYRAS ,28-07-2009,31-07-2009
Eté 2009,AVG,AG 02 SALLES DE CASTILLON / FALEYRAS ,04-08-2009,07-08-2009
Eté 2009,AVG,AG 02 SALLES DE CASTILLON / FALEYRAS ,11-08-2009,14-08-2009
Eté 2009,AVG,AG 02 SALLES DE CASTILLON / FALEYRAS ,18-08-2009,21-08-2009
Eté 2009,AVG,AG 11 BELIN-BELIET/ST MAGNE ,07-07-2009,08-07-2009
Eté 2009,AVG,AG 11 BELIN-BELIET/ST MAGNE ,21-07-2009,22-07-2009
Eté 2009,AVG,AG 11 BELIN-BELIET/ST MAGNE ,28-07-2009,29-07-2009
Eté 2009,AVG,AG 11 BELIN-BELIET/ST MAGNE ,04-08-2009,05-08-2009
Eté 2009,AVG,AG 11 BELIN-BELIET/ST MAGNE ,11-08-2009,12-08-2009
Eté 2009,AVG,AG 11 BELIN-BELIET/ST MAGNE ,18-08-2009,19-08-2009
Eté 2009,AVG,AG 06 MINI RAID EN HAUTE GIRONDE (2) ,22-07-2009,23-07-2009
Eté 2009,AVG,AG 06 MINI RAID EN HAUTE GIRONDE (2) ,08-07-2009,09-07-2009
Eté 2009,AVG,AG 06 MINI RAID EN HAUTE GIRONDE (2) ,29-07-2009,30-07-2009
Eté 2009,AVG,AG 06 MINI RAID EN HAUTE GIRONDE (2) ,05-08-2009,06-08-2009
Eté 2009,AVG,AG 06 MINI RAID EN HAUTE GIRONDE (2) ,12-08-2009,13-08-2009
Eté 2009,AVG,AG 06 MINI RAID EN HAUTE GIRONDE (2) ,19-08-2009,20-08-2009
Eté 2009,AVG,AG 09 RAID BELIN/HOSTENS ,15-07-2009,17-07-2009
Eté 2009,AVG,AG 09 RAID BELIN/HOSTENS ,22-07-2009,24-07-2009
Eté 2009,AVG,AG 09 RAID BELIN/HOSTENS ,29-07-2009,31-07-2009
Eté 2009,AVG,AG 09 RAID BELIN/HOSTENS ,05-08-2009,07-08-2009
Eté 2009,AVG,AG 09 RAID BELIN/HOSTENS ,12-08-2009,14-08-2009
Eté 2009,AVG,AG 09 RAID BELIN/HOSTENS ,19-08-2009,21-08-2009
Eté 2009,AVG,AG 01 LES SALLES DE CASTILLON/FALEYRAS ,06-07-2009,09-07-2009
Eté 2009,AVG,AG 01 LES SALLES DE CASTILLON/FALEYRAS ,20-07-2009,23-07-2009
Eté 2009,AVG,AG 01 LES SALLES DE CASTILLON/FALEYRAS ,27-07-2009,30-07-2009
Eté 2009,AVG,AG 01 LES SALLES DE CASTILLON/FALEYRAS ,03-08-2009,06-08-2009
Eté 2009,AVG,AG 01 LES SALLES DE CASTILLON/FALEYRAS ,10-08-2009,13-08-2009
Eté 2009,AVG,AG 01 LES SALLES DE CASTILLON/FALEYRAS ,17-08-2009,20-08-2009
Eté 2009,AVG,AG 01 LES SALLES DE CASTILLON/FALEYRAS ,24-08-2009,27-08-2009
Eté 2009,AVG,AG 04 RAID DE LA POINTE MEDOC ,06-07-2009,08-07-2009
Eté 2009,AVG,AG 04 RAID DE LA POINTE MEDOC ,20-07-2009,22-07-2009
Eté 2009,AVG,AG 04 RAID DE LA POINTE MEDOC ,27-07-2009,29-07-2009
Eté 2009,AVG,AG 04 RAID DE LA POINTE MEDOC ,03-08-2009,05-08-2009
Eté 2009,AVG,AG 04 RAID DE LA POINTE MEDOC ,10-08-2009,12-08-2009
Eté 2009,AVG,AG 04 RAID DE LA POINTE MEDOC ,17-08-2009,19-08-2009
Eté 2009,AVG,AG 04 RAID DE LA POINTE MEDOC ,24-08-2009,26-08-2009
Eté 2009,AVG,AG 03 ST CHRISTOPHE DE DOUBLE / ST SEURIN ,07-07-2009,09-07-2009
Eté 2009,AVG,AG 03 ST CHRISTOPHE DE DOUBLE / ST SEURIN ,21-07-2009,23-07-2009
Eté 2009,AVG,AG 03 ST CHRISTOPHE DE DOUBLE / ST SEURIN ,28-07-2009,30-07-2009
Eté 2009,AVG,AG 03 ST CHRISTOPHE DE DOUBLE / ST SEURIN ,04-08-2009,06-08-2009
Eté 2009,AVG,AG 03 ST CHRISTOPHE DE DOUBLE / ST SEURIN ,11-08-2009,13-08-2009
Eté 2009,AVG,AG 03 ST CHRISTOPHE DE DOUBLE / ST SEURIN ,18-08-2009,20-08-2009
Eté 2009,AVG,AG 03 ST CHRISTOPHE DE DOUBLE / ST SEURIN ,25-08-2009,27-08-2009
Eté 2009,AVG,AG 17 RAID MULTI GLISSE LACANAU ,07-07-2009,09-07-2009
Eté 2009,AVG,AG 17 RAID MULTI GLISSE LACANAU ,21-07-2009,23-07-2009
Eté 2009,AVG,AG 17 RAID MULTI GLISSE LACANAU ,28-07-2009,30-07-2009
Eté 2009,AVG,AG 17 RAID MULTI GLISSE LACANAU ,04-08-2009,06-08-2009
Eté 2009,AVG,AG 17 RAID MULTI GLISSE LACANAU ,11-08-2009,13-08-2009
Eté 2009,AVG,AG 17 RAID MULTI GLISSE LACANAU ,18-08-2009,20-08-2009
Eté 2009,AVG,AG 17 RAID MULTI GLISSE LACANAU ,25-08-2009,27-08-2009
Eté 2009,AVG,AG 14 RAID  HOSTENS ,03-08-2009,05-08-2009
Eté 2009,AVG,AG 14 RAID  HOSTENS ,20-07-2009,22-07-2009
Eté 2009,AVG,AG 14 RAID  HOSTENS ,27-07-2009,29-07-2009
Eté 2009,AVG,AG 14 RAID  HOSTENS ,29-07-2009,31-07-2009
Eté 2009,AVG,AG 14 RAID  HOSTENS ,24-08-2009,26-08-2009
Eté 2009,AVG,AG 14 RAID  HOSTENS ,26-08-2009,28-08-2009
Eté 2010,AVG,AG 18 MINI RAID MULTIGLISSE HOURTIN ,05-07-2010,06-07-2010
Eté 2010,AVG,AG 18 MINI RAID MULTIGLISSE HOURTIN ,23-08-2010,24-08-2010
Eté 2010,AVG,AG 18 MINI RAID MULTIGLISSE HOURTIN ,15-07-2010,16-07-2010
Eté 2010,AVG,AG 18 MINI RAID MULTIGLISSE HOURTIN ,08-07-2010,09-07-2010
Eté 2010,AVG,AG 18 MINI RAID MULTIGLISSE HOURTIN ,01-07-2010,02-07-2010
Eté 2010,AVG,AG 18 MINI RAID MULTIGLISSE HOURTIN ,12-07-2010,13-07-2010
Eté 2010,AVG,AG 10 HOSTENS / ST MAGNE ,12-07-2010,13-07-2010
Eté 2010,AVG,AG 10 HOSTENS / ST MAGNE ,09-08-2010,10-08-2010
Eté 2010,AVG,AG 10 HOSTENS / ST MAGNE ,02-08-2010,03-08-2010
Eté 2010,AVG,AG 10 HOSTENS / ST MAGNE ,26-07-2010,27-07-2010
Eté 2010,AVG,AG 10 HOSTENS / ST MAGNE ,19-07-2010,20-07-2010
Eté 2010,AVG,AG 11 BELIN -BELIET / ST MAGNE ,06-07-2010,07-07-2010
Eté 2010,AVG,AG 11 BELIN -BELIET / ST MAGNE ,27-07-2010,28-07-2010
Eté 2010,AVG,AG 11 BELIN -BELIET / ST MAGNE ,03-08-2010,04-08-2010
Eté 2010,AVG,AG 11 BELIN -BELIET / ST MAGNE ,20-07-2010,21-07-2010
Eté 2010,AVG,AG 08 MINI RAID MORIZES - FLOUDES  ,22-07-2010,23-07-2010
Eté 2010,AVG,AG 08 MINI RAID MORIZES - FLOUDES  ,15-07-2010,16-07-2010
Eté 2010,AVG,AG 08 MINI RAID MORIZES - FLOUDES  ,15-07-2010,16-07-2010
Eté 2010,AVG,AG 08 MINI RAID MORIZES - FLOUDES  ,08-07-2010,09-07-2010
Eté 2010,AVG,AG 08 MINI RAID MORIZES - FLOUDES  ,08-07-2010,09-07-2010
Eté 2010,AVG,AG 08 MINI RAID MORIZES - FLOUDES  ,22-07-2010,23-07-2010
Eté 2010,AVG,AG 08 MINI RAID MORIZES - FLOUDES  ,05-08-2010,06-08-2010
Eté 2010,AVG,AG 08 MINI RAID MORIZES - FLOUDES  ,05-08-2010,06-08-2010
Eté 2010,AVG,AG 08 MINI RAID MORIZES - FLOUDES  ,29-07-2010,30-07-2010
Eté 2010,AVG,AG 08 MINI RAID MORIZES - FLOUDES  ,29-07-2010,30-07-2010
Eté 2010,AVG,AG 03 FRONTENAC  FALEYRAS ,15-07-2010,16-07-2010
Eté 2010,AVG,AG 03 FRONTENAC  FALEYRAS ,08-07-2010,09-07-2010
Eté 2010,AVG,AG 03 FRONTENAC  FALEYRAS ,12-08-2010,13-08-2010
Eté 2010,AVG,AG 03 FRONTENAC  FALEYRAS ,22-07-2010,23-07-2010
Eté 2010,AVG,AG 03 FRONTENAC  FALEYRAS ,05-08-2010,06-08-2010
Eté 2010,AVG,AG 03 FRONTENAC  FALEYRAS ,29-07-2010,30-07-2010
Eté 2010,AVG,AG 04 RAID DE LA POINTE MEDOC ,09-08-2010,11-08-2010
Eté 2010,AVG,AG 04 RAID DE LA POINTE MEDOC ,23-08-2010,25-08-2010
Eté 2010,AVG,AG 04 RAID DE LA POINTE MEDOC ,26-07-2010,28-07-2010
Eté 2010,AVG,AG 04 RAID DE LA POINTE MEDOC ,16-08-2010,18-08-2010
Eté 2010,AVG,AG 04 RAID DE LA POINTE MEDOC ,19-07-2010,21-07-2010
Eté 2010,AVG,AG 04 RAID DE LA POINTE MEDOC ,05-07-2010,07-07-2010
Eté 2010,AVG,AG 04 RAID DE LA POINTE MEDOC ,02-08-2010,04-08-2010
Eté 2010,AVG,AG 14 RAID HOSTENS ,19-07-2010,21-07-2010
Eté 2010,AVG,AG 14 RAID HOSTENS ,21-07-2010,23-07-2010
Eté 2010,AVG,AG 14 RAID HOSTENS ,04-08-2010,06-08-2010
Eté 2010,AVG,AG 14 RAID HOSTENS ,26-07-2010,28-07-2010
Eté 2010,AVG,AG 14 RAID HOSTENS ,28-07-2010,30-07-2010
Eté 2010,AVG,AG 14 RAID HOSTENS ,02-08-2010,04-08-2010
Eté 2010,AVG,AG 02 LES SALLES DE CASTILLON / FALEYRAS ,17-08-2010,20-08-2010
Eté 2010,AVG,AG 02 LES SALLES DE CASTILLON / FALEYRAS ,10-08-2010,13-08-2010
Eté 2010,AVG,AG 02 LES SALLES DE CASTILLON / FALEYRAS ,20-07-2010,23-07-2010
Eté 2010,AVG,AG 02 LES SALLES DE CASTILLON / FALEYRAS ,27-07-2010,30-07-2010
Eté 2010,AVG,AG 02 LES SALLES DE CASTILLON / FALEYRAS ,06-07-2010,09-07-2010
Eté 2010,AVG,AG 02 LES SALLES DE CASTILLON / FALEYRAS ,03-08-2010,06-08-2010
Eté 2010,AVG,AG 01 LES SALLES DE CASTILLON / FALEYRAS ,23-08-2010,26-08-2010
Eté 2010,AVG,AG 01 LES SALLES DE CASTILLON / FALEYRAS ,16-08-2010,19-08-2010
Eté 2010,AVG,AG 01 LES SALLES DE CASTILLON / FALEYRAS ,19-07-2010,22-07-2010
Eté 2010,AVG,AG 01 LES SALLES DE CASTILLON / FALEYRAS ,02-08-2010,05-08-2010
Eté 2010,AVG,AG 01 LES SALLES DE CASTILLON / FALEYRAS ,05-07-2010,08-07-2010
Eté 2010,AVG,AG 01 LES SALLES DE CASTILLON / FALEYRAS ,26-07-2010,29-07-2010
Eté 2010,AVG,AG 05 MINI RAID EN HTE GIRONDE  ,05-07-2010,06-07-2010
Eté 2010,AVG,AG 05 MINI RAID EN HTE GIRONDE  ,19-07-2010,20-07-2010
Eté 2010,AVG,AG 05 MINI RAID EN HTE GIRONDE  ,26-07-2010,27-07-2010
Eté 2010,AVG,AG 05 MINI RAID EN HTE GIRONDE  ,02-08-2010,03-08-2010
Eté 2010,AVG,AG 05 MINI RAID EN HTE GIRONDE  ,09-08-2010,10-08-2010
Eté 2010,AVG,AG 01 LES SALLES DE CASTILLON / FALEYRAS ,09-08-2010,12-08-2010
Eté 2010,AVG,AG 12 VILLANDRAUT / BERNOS-BEAULAC ,06-07-2010,08-07-2010
Eté 2010,AVG,AG 13 VILLANDRAUT ,20-07-2010,21-07-2010
Eté 2010,AVG,AG 13 VILLANDRAUT ,06-07-2010,07-07-2010
Eté 2010,AVG,AG 13 VILLANDRAUT ,27-07-2010,28-07-2010
Eté 2010,AVG,AG 13 VILLANDRAUT ,03-08-2010,04-08-2010
Eté 2010,AVG,AG 12 VILLANDRAUT / BERNOS-BEAULAC ,20-07-2010,22-07-2010
Eté 2010,AVG,AG 12 VILLANDRAUT / BERNOS-BEAULAC ,27-07-2010,29-07-2010
Eté 2010,AVG,AG 12 VILLANDRAUT / BERNOS-BEAULAC ,03-08-2010,05-08-2010
Eté 2010,AVG,AG 12 VILLANDRAUT / BERNOS-BEAULAC ,10-08-2010,12-08-2010
Eté 2010,AVG,AG 13 VILLANDRAUT ,10-08-2010,11-08-2010
Eté 2010,AVG,AG 09 RAID BELIN/HOSTENS ,07-07-2010,09-07-2010
Eté 2010,AVG,AG 09 RAID BELIN/HOSTENS ,21-07-2010,23-07-2010
Eté 2010,AVG,AG 09 RAID BELIN/HOSTENS ,28-07-2010,30-07-2010
Eté 2010,AVG,AG 09 RAID BELIN/HOSTENS ,04-08-2010,06-08-2010
Eté 2010,AVG,AG 09 RAID BELIN/HOSTENS ,11-08-2010,13-08-2010
Eté 2010,AVG,AG 07 RAID MULTI GLISSE LEGE ,05-07-2010,08-07-2010
Eté 2010,AVG,AG 07 RAID MULTI GLISSE LEGE ,19-07-2010,22-07-2010
Eté 2010,AVG,AG 07 RAID MULTI GLISSE LEGE ,19-07-2010,22-07-2010
Eté 2010,AVG,AG 07 RAID MULTI GLISSE LEGE ,02-08-2010,05-08-2010
Eté 2010,AVG,AG 07 RAID MULTI GLISSE LEGE ,05-07-2010,08-07-2010
Eté 2010,AVG,AG 07 RAID MULTI GLISSE LEGE ,26-07-2010,29-07-2010
Eté 2010,AVG,AG 07 RAID MULTI GLISSE LEGE ,26-07-2010,29-07-2010
Eté 2010,AVG,AG 07 RAID MULTI GLISSE LEGE ,23-08-2010,26-08-2010
Eté 2010,AVG,AG 07 RAID MULTI GLISSE LEGE ,23-08-2010,26-08-2010
Eté 2010,AVG,AG 07 RAID MULTI GLISSE LEGE ,09-08-2010,12-08-2010
Eté 2010,AVG,AG 07 RAID MULTI GLISSE LEGE ,02-08-2010,05-08-2010
Eté 2010,AVG,AG 07 RAID MULTI GLISSE LEGE ,16-08-2010,19-08-2010
Eté 2010,AVG,AG 07 RAID MULTI GLISSE LEGE ,09-08-2010,12-08-2010
Eté 2010,AVG,AG 07 RAID MULTI GLISSE LEGE ,16-08-2010,19-08-2010
Eté 2010,AVG,AG 06 MINI RAID EN HAUTE GIRONDE ,11-08-2010,13-08-2010
Eté 2010,AVG,AG 06 MINI RAID EN HAUTE GIRONDE ,07-07-2010,09-07-2010
Eté 2010,AVG,AG 06 MINI RAID EN HAUTE GIRONDE ,21-07-2010,23-07-2010
Eté 2010,AVG,AG 06 MINI RAID EN HAUTE GIRONDE ,04-08-2010,06-08-2010
Eté 2010,AVG,AG 06 MINI RAID EN HAUTE GIRONDE ,28-07-2010,30-07-2010
Eté 2010,AVG,AG 06 MINI RAID EN HAUTE GIRONDE ,18-08-2010,20-08-2010
Eté 2010,AVG,AG 15 ST CHRISTOPHE DE DOUBLE / ST SEURIN ,05-07-2010,07-07-2010
Eté 2010,AVG,AG 15 ST CHRISTOPHE DE DOUBLE / ST SEURIN ,19-07-2010,21-07-2010
Eté 2010,AVG,AG 15 ST CHRISTOPHE DE DOUBLE / ST SEURIN ,09-08-2010,11-08-2010
Eté 2010,AVG,AG 15 ST CHRISTOPHE DE DOUBLE / ST SEURIN ,20-07-2010,22-07-2010
Eté 2010,AVG,AG 15 ST CHRISTOPHE DE DOUBLE / ST SEURIN ,06-07-2010,08-07-2010
Eté 2010,AVG,AG 15 ST CHRISTOPHE DE DOUBLE / ST SEURIN ,16-08-2010,18-08-2010
Eté 2010,AVG,AG 15 ST CHRISTOPHE DE DOUBLE / ST SEURIN ,10-08-2010,12-08-2010
Eté 2010,AVG,AG 15 ST CHRISTOPHE DE DOUBLE / ST SEURIN ,04-08-2010,06-08-2010
Eté 2010,AVG,AG 15 ST CHRISTOPHE DE DOUBLE / ST SEURIN ,26-07-2010,28-07-2010
Eté 2010,AVG,AG 15 ST CHRISTOPHE DE DOUBLE / ST SEURIN ,21-07-2010,23-07-2010
Eté 2010,AVG,AG 15 ST CHRISTOPHE DE DOUBLE / ST SEURIN ,03-08-2010,05-08-2010
Eté 2010,AVG,AG 15 ST CHRISTOPHE DE DOUBLE / ST SEURIN ,28-07-2010,30-07-2010
Eté 2010,AVG,AG 15 ST CHRISTOPHE DE DOUBLE / ST SEURIN ,02-08-2010,04-08-2010
Eté 2010,AVG,AG 15 ST CHRISTOPHE DE DOUBLE / ST SEURIN ,27-07-2010,29-07-2010
Eté 2010,AVG,AG 15 ST CHRISTOPHE DE DOUBLE / ST SEURIN ,07-07-2010,09-07-2010
Eté 2010,AVG,AG 15 ST CHRISTOPHE DE DOUBLE / ST SEURIN ,17-08-2010,19-09-2010
Eté 2010,AVG,AG 15 ST CHRISTOPHE DE DOUBLE / ST SEURIN ,24-08-2010,26-08-2010
Eté 2010,AVG,AG 15 ST CHRISTOPHE DE DOUBLE / ST SEURIN ,23-08-2010,25-08-2010
Eté 2010,AVG,AG 16 CAZAUX  ,30-06-2010,02-07-2010
Eté 2010,AVG,AG 16 CAZAUX  ,05-07-2010,07-07-2010
Eté 2010,AVG,AG 16 CAZAUX  ,07-07-2010,09-07-2010
Eté 2010,AVG,AG 16 CAZAUX  ,19-07-2010,21-07-2010
Eté 2010,AVG,AG 16 CAZAUX  ,21-07-2010,23-07-2010
Eté 2010,AVG,AG 16 CAZAUX  ,26-07-2010,28-07-2010
Eté 2010,AVG,AG 16 CAZAUX  ,28-07-2010,30-07-2010
Eté 2010,AVG,AG 16 CAZAUX  ,02-08-2010,04-08-2010
Eté 2010,AVG,AG 16 CAZAUX  ,04-08-2010,06-08-2010
Eté 2010,AVG,AG 16 CAZAUX  ,09-08-2010,11-08-2010
Eté 2010,AVG,AG 16 CAZAUX  ,11-08-2010,13-08-2010
Eté 2010,AVG,AG 16 CAZAUX  ,16-08-2010,18-08-2010
Eté 2010,AVG,AG 16 CAZAUX  ,18-08-2010,20-08-2010
Eté 2010,AVG,AG 16 CAZAUX  ,23-08-2010,25-08-2010
Eté 2010,AVG,AG 16 CAZAUX  ,25-08-2010,27-08-2010
Eté 2010,AVG,AG 17 RAID MULTI-GLISSE LACANAU ,27-07-2010,29-07-2010
Eté 2010,AVG,AG 17 RAID MULTI-GLISSE LACANAU ,10-08-2010,12-08-2010
Eté 2010,AVG,AG 17 RAID MULTI-GLISSE LACANAU ,20-07-2010,22-07-2010
Eté 2010,AVG,AG 17 RAID MULTI-GLISSE LACANAU ,17-08-2010,19-08-2010
Eté 2010,AVG,AG 17 RAID MULTI-GLISSE LACANAU ,24-08-2010,26-08-2010
Eté 2010,AVG,AG 17 RAID MULTI-GLISSE LACANAU ,03-08-2010,05-08-2010
Eté 2010,AVG,AG 17 RAID MULTI-GLISSE LACANAU ,06-07-2010,08-07-2010
Eté 2011,AVG,AG 10 HOSTENS / ST MAGNE ,11-07-2011,12-07-2011
Eté 2011,AVG,AG 10 HOSTENS / ST MAGNE ,04-07-2011,05-07-2011
Eté 2011,AVG,AG 10 HOSTENS / ST MAGNE ,01-08-2011,02-08-2011
Eté 2011,AVG,AG 10 HOSTENS / ST MAGNE ,08-08-2011,09-08-2011
Eté 2011,AVG,AG 10 HOSTENS / ST MAGNE ,18-07-2011,19-07-2011
Eté 2011,AVG,AG 10 HOSTENS / ST MAGNE ,25-07-2011,26-07-2011
Eté 2011,AVG,AG 05  RAID EN HTE GIRONDE  ,01-08-2011,03-08-2011
Eté 2011,AVG,AG 05  RAID EN HTE GIRONDE  ,08-08-2011,10-08-2011
Eté 2011,AVG,AG 05  RAID EN HTE GIRONDE  ,04-07-2011,06-07-2011
Eté 2011,AVG,AG 05  RAID EN HTE GIRONDE  ,18-07-2011,20-07-2011
Eté 2011,AVG,AG 05  RAID EN HTE GIRONDE  ,25-07-2011,27-07-2011
Eté 2011,AVG,AG 09 RAID BELIN/HOSTENS ,10-08-2011,12-08-2011
Eté 2011,AVG,AG 09 RAID BELIN/HOSTENS ,06-07-2011,08-07-2011
Eté 2011,AVG,AG 09 RAID BELIN/HOSTENS ,17-08-2011,19-08-2011
Eté 2011,AVG,AG 09 RAID BELIN/HOSTENS ,03-08-2011,05-08-2011
Eté 2011,AVG,AG 09 RAID BELIN/HOSTENS ,20-07-2011,22-07-2011
Eté 2011,AVG,AG 09 RAID BELIN/HOSTENS ,27-07-2011,29-07-2011
Eté 2011,AVG,AG 08 MINI RAID MORIZES - FLOUDES ,11-08-2011,12-08-2011
Eté 2011,AVG,AG 08 MINI RAID MORIZES - FLOUDES ,07-07-2011,08-07-2011
Eté 2011,AVG,AG 08 MINI RAID MORIZES - FLOUDES ,21-07-2011,22-07-2011
Eté 2011,AVG,AG 08 MINI RAID MORIZES - FLOUDES ,04-08-2011,05-08-2011
Eté 2011,AVG,AG 08 MINI RAID MORIZES - FLOUDES ,28-07-2011,29-07-2011
Eté 2011,AVG,AG 17 RAID MULTI-GLISSE LACANAU ,05-07-2011,07-07-2011
Eté 2011,AVG,AG 17 RAID MULTI-GLISSE LACANAU ,23-08-2011,25-08-2011
Eté 2011,AVG,AG 17 RAID MULTI-GLISSE LACANAU ,19-07-2011,21-07-2011
Eté 2011,AVG,AG 17 RAID MULTI-GLISSE LACANAU ,16-08-2011,18-08-2011
Eté 2011,AVG,AG 17 RAID MULTI-GLISSE LACANAU ,26-07-2011,28-07-2011
Eté 2011,AVG,AG 17 RAID MULTI-GLISSE LACANAU ,09-08-2011,11-08-2011
Eté 2011,AVG,AG 17 RAID MULTI-GLISSE LACANAU ,02-08-2011,04-08-2011
Eté 2011,AVG,AG 11 MINI RAID  FLOUDES-MORIZES  ,28-07-2011,29-07-2011
Eté 2011,AVG,AG 11 MINI RAID  FLOUDES-MORIZES  ,21-07-2011,22-07-2011
Eté 2011,AVG,AG 11 MINI RAID  FLOUDES-MORIZES  ,07-07-2011,08-07-2011
Eté 2011,AVG,AG 11 MINI RAID  FLOUDES-MORIZES  ,04-08-2011,05-08-2011
Eté 2011,AVG,AG 01 LES SALLES DE CASTILLON / FALEYRAS ,18-07-2011,21-07-2011
Eté 2011,AVG,AG 01 LES SALLES DE CASTILLON / FALEYRAS ,04-07-2011,07-07-2011
Eté 2011,AVG,AG 01 LES SALLES DE CASTILLON / FALEYRAS ,01-08-2011,04-08-2011
Eté 2011,AVG,AG 01 LES SALLES DE CASTILLON / FALEYRAS ,25-07-2011,28-07-2011
Eté 2011,AVG,AG 01 LES SALLES DE CASTILLON / FALEYRAS ,22-08-2011,25-08-2011
Eté 2011,AVG,AG 01 LES SALLES DE CASTILLON / FALEYRAS ,08-08-2011,11-08-2011
Eté 2011,AVG,AG 15 ST CHRISTOPHE DE DOUBLE / ST SEURIN ,08-08-2011,10-08-2011
Eté 2011,AVG,AG 15 ST CHRISTOPHE DE DOUBLE / ST SEURIN ,04-07-2011,06-07-2011
Eté 2011,AVG,AG 15 ST CHRISTOPHE DE DOUBLE / ST SEURIN ,20-07-2011,22-07-2011
Eté 2011,AVG,AG 15 ST CHRISTOPHE DE DOUBLE / ST SEURIN ,02-08-2011,04-08-2011
Eté 2011,AVG,AG 15 ST CHRISTOPHE DE DOUBLE / ST SEURIN ,06-07-2011,08-07-2011
Eté 2011,AVG,AG 15 ST CHRISTOPHE DE DOUBLE / ST SEURIN ,11-07-2011,13-07-2011
Eté 2011,AVG,AG 15 ST CHRISTOPHE DE DOUBLE / ST SEURIN ,05-07-2011,07-07-2011
Eté 2011,AVG,AG 15 ST CHRISTOPHE DE DOUBLE / ST SEURIN ,09-08-2011,11-08-2011
Eté 2011,AVG,AG 15 ST CHRISTOPHE DE DOUBLE / ST SEURIN ,27-07-2011,29-07-2011
Eté 2011,AVG,AG 15 ST CHRISTOPHE DE DOUBLE / ST SEURIN ,25-07-2011,27-07-2011
Eté 2011,AVG,AG 15 ST CHRISTOPHE DE DOUBLE / ST SEURIN ,01-08-2011,03-08-2011
Eté 2011,AVG,AG 15 ST CHRISTOPHE DE DOUBLE / ST SEURIN ,26-07-2011,28-07-2011
Eté 2011,AVG,AG 15 ST CHRISTOPHE DE DOUBLE / ST SEURIN ,03-08-2011,05-08-2011
Eté 2011,AVG,AG 15 ST CHRISTOPHE DE DOUBLE / ST SEURIN ,18-07-2011,20-07-2011
Eté 2011,AVG,AG 15 ST CHRISTOPHE DE DOUBLE / ST SEURIN ,19-07-2011,21-07-2011
Eté 2011,AVG,AG 15 ST CHRISTOPHE DE DOUBLE / ST SEURIN ,10-08-2011,12-08-2011
Eté 2011,AVG,AG 14 RAID HOSTENS ,25-07-2011,27-07-2011
Eté 2011,AVG,AG 14 RAID HOSTENS ,18-07-2011,20-07-2011
Eté 2011,AVG,AG 14 RAID HOSTENS ,11-07-2011,13-07-2011
Eté 2011,AVG,AG 14 RAID HOSTENS ,01-08-2011,03-08-2011
Eté 2011,AVG,AG 14 RAID HOSTENS ,08-08-2011,10-08-2011
Eté 2011,AVG,AG 14 RAID HOSTENS ,16-08-2011,18-08-2011
Eté 2011,AVG,AG 02 LES SALLES DE CASTILLON / FALEYRAS ,09-08-2011,12-08-2011
Eté 2011,AVG,AG 02 LES SALLES DE CASTILLON / FALEYRAS ,26-07-2011,29-07-2011
Eté 2011,AVG,AG 02 LES SALLES DE CASTILLON / FALEYRAS ,02-08-2011,05-08-2011
Eté 2011,AVG,AG 02 LES SALLES DE CASTILLON / FALEYRAS ,19-07-2011,22-07-2011
Eté 2011,AVG,AG 02 LES SALLES DE CASTILLON / FALEYRAS ,23-08-2011,26-08-2011
Eté 2011,AVG,AG 02 LES SALLES DE CASTILLON / FALEYRAS ,05-07-2011,08-07-2011
Eté 2011,AVG,AG 02 LES SALLES DE CASTILLON / FALEYRAS ,16-08-2011,19-08-2011
Eté 2011,AVG,AG 07 RAID MULTI GLISSE LEGE ,04-07-2011,07-07-2011
Eté 2011,AVG,AG 07 RAID MULTI GLISSE LEGE ,08-08-2011,11-08-2011
Eté 2011,AVG,AG 07 RAID MULTI GLISSE LEGE ,04-07-2011,07-07-2011
Eté 2011,AVG,AG 07 RAID MULTI GLISSE LEGE ,25-07-2011,28-07-2011
Eté 2011,AVG,AG 07 RAID MULTI GLISSE LEGE ,18-07-2011,21-07-2011
Eté 2011,AVG,AG 07 RAID MULTI GLISSE LEGE ,08-08-2011,11-08-2011
Eté 2011,AVG,AG 07 RAID MULTI GLISSE LEGE ,16-08-2011,19-08-2011
Eté 2011,AVG,AG 07 RAID MULTI GLISSE LEGE ,18-07-2011,21-07-2011
Eté 2011,AVG,AG 07 RAID MULTI GLISSE LEGE ,25-07-2011,28-07-2011
Eté 2011,AVG,AG 07 RAID MULTI GLISSE LEGE ,01-08-2011,04-08-2011
Eté 2011,AVG,AG 07 RAID MULTI GLISSE LEGE ,01-08-2011,04-08-2011
Eté 2011,AVG,AG 07 RAID MULTI GLISSE LEGE ,16-08-2011,19-08-2011
Eté 2011,AVG,AG 04 RAID DE LA POINTE MEDOC ,11-07-2011,13-07-2011
Eté 2011,AVG,AG 04 RAID DE LA POINTE MEDOC ,18-07-2011,20-07-2011
Eté 2011,AVG,AG 04 RAID DE LA POINTE MEDOC ,04-07-2011,06-07-2011
Eté 2011,AVG,AG 04 RAID DE LA POINTE MEDOC ,25-07-2011,27-07-2011
Eté 2011,AVG,AG 04 RAID DE LA POINTE MEDOC ,08-08-2011,10-08-2011
Eté 2011,AVG,AG 04 RAID DE LA POINTE MEDOC ,01-08-2011,03-08-2011
Eté 2011,AVG,AG 04 RAID DE LA POINTE MEDOC ,22-08-2011,24-08-2011
Eté 2011,AVG,AG 16 CAZAUX  ,03-08-2011,05-08-2011
Eté 2011,AVG,AG 16 CAZAUX  ,29-08-2011,31-08-2011
Eté 2011,AVG,AG 16 CAZAUX  ,06-07-2011,08-07-2011
Eté 2011,AVG,AG 16 CAZAUX  ,10-08-2011,12-08-2011
Eté 2011,AVG,AG 16 CAZAUX  ,04-07-2011,06-07-2011
Eté 2011,AVG,AG 16 CAZAUX  ,17-08-2011,19-08-2011
Eté 2011,AVG,AG 16 CAZAUX  ,22-08-2011,24-08-2011
Eté 2011,AVG,AG 16 CAZAUX  ,01-08-2011,03-08-2011
Eté 2011,AVG,AG 16 CAZAUX  ,20-07-2011,22-07-2011
Eté 2011,AVG,AG 16 CAZAUX  ,25-07-2011,27-07-2011
Eté 2011,AVG,AG 16 CAZAUX  ,08-08-2011,10-08-2011
Eté 2011,AVG,AG 16 CAZAUX  ,11-07-2011,13-07-2011
Eté 2011,AVG,AG 16 CAZAUX  ,27-07-2011,29-07-2011
Eté 2011,AVG,AG 16 CAZAUX  ,18-07-2011,20-07-2011
Eté 2011,AVG,AG 16 CAZAUX  ,24-08-2011,26-08-2011
Eté 2011,AVG,AG 06 MINI RAID EN HAUTE GIRONDE ,06-07-2011,08-07-2011
Eté 2011,AVG,AG 06 MINI RAID EN HAUTE GIRONDE ,10-08-2011,12-08-2011
Eté 2011,AVG,AG 06 MINI RAID EN HAUTE GIRONDE ,20-07-2011,22-07-2011
Eté 2011,AVG,AG 06 MINI RAID EN HAUTE GIRONDE ,27-07-2011,29-07-2011
Eté 2011,AVG,AG 06 MINI RAID EN HAUTE GIRONDE ,03-08-2011,05-08-2011
Eté 2011,AVG,AG 06 MINI RAID EN HAUTE GIRONDE ,24-08-2011,26-08-2011
Eté 2011,AVG,AG 12 VILLANDRAUT / BERNOS-BEAULAC ,02-08-2011,04-08-2011
Eté 2011,AVG,AG 12 VILLANDRAUT / BERNOS-BEAULAC ,09-08-2011,11-08-2011
Eté 2011,AVG,AG 12 VILLANDRAUT / BERNOS-BEAULAC ,26-07-2011,28-07-2011
Eté 2011,AVG,AG 12 VILLANDRAUT / BERNOS-BEAULAC ,19-07-2011,21-07-2011
Eté 2011,AVG,AG 12 VILLANDRAUT / BERNOS-BEAULAC ,05-07-2011,07-07-2011
Eté 2011,AVG,AG 03 FRONTENAC  FALEYRAS ,21-07-2011,22-07-2011
Eté 2011,AVG,AG 03 FRONTENAC  FALEYRAS ,28-07-2011,29-07-2011
Eté 2011,AVG,AG 03 FRONTENAC  FALEYRAS ,25-08-2011,26-08-2011
Eté 2011,AVG,AG 03 FRONTENAC  FALEYRAS ,04-08-2011,05-08-2011
Eté 2011,AVG,AG 03 FRONTENAC  FALEYRAS ,11-08-2011,12-08-2011
Eté 2011,AVG,AG 03 FRONTENAC  FALEYRAS ,07-07-2011,08-07-2011
Eté 2011,AVG,AG 13 MINI RAID MULTIGLISSE HOURTIN NAUJAC SUR MER ,30-06-2011,01-07-2011
Eté 2011,AVG,AG 13 MINI RAID MULTIGLISSE HOURTIN NAUJAC SUR MER ,04-07-2011,05-07-2011
Eté 2011,AVG,AG 13 MINI RAID MULTIGLISSE HOURTIN NAUJAC SUR MER ,21-07-2011,22-07-2011
Eté 2011,AVG,AG 13 MINI RAID MULTIGLISSE HOURTIN NAUJAC SUR MER ,18-07-2011,19-07-2011
Eté 2011,AVG,AG 13 MINI RAID MULTIGLISSE HOURTIN NAUJAC SUR MER ,25-08-2011,26-08-2011
Eté 2011,AVG,AG 13 MINI RAID MULTIGLISSE HOURTIN NAUJAC SUR MER ,07-07-2011,08-07-2011
Eté 2011,AVG,AG 13 MINI RAID MULTIGLISSE HOURTIN NAUJAC SUR MER ,11-07-2011,12-07-2011
Eté 2012,AVG,AG 12 VILLANDRAUT / VILLANDRAUT ,16-07-2012,18-07-2012
Eté 2012,AVG,AG 12 VILLANDRAUT / VILLANDRAUT ,18-07-2012,20-07-2012
Eté 2012,AVG,AG 12 VILLANDRAUT / VILLANDRAUT ,30-07-2012,01-08-2012
Eté 2012,AVG,AG 12 VILLANDRAUT / VILLANDRAUT ,25-07-2012,27-07-2012
Eté 2012,AVG,AG 12 VILLANDRAUT / VILLANDRAUT ,23-07-2012,25-07-2012
Eté 2012,AVG,AG 12 VILLANDRAUT / VILLANDRAUT ,01-08-2012,03-08-2012
Eté 2012,AVG,AG 08 MINI RAID MORIZES - FLOUDES ,12-07-2012,13-07-2012
Eté 2012,AVG,AG 08 MINI RAID MORIZES - FLOUDES ,26-07-2012,27-07-2012
Eté 2012,AVG,AG 08 MINI RAID MORIZES - FLOUDES ,09-08-2012,10-08-2012
Eté 2012,AVG,AG 08 MINI RAID MORIZES - FLOUDES ,19-07-2012,20-07-2012
Eté 2012,AVG,AG 08 MINI RAID MORIZES - FLOUDES ,02-08-2012,03-08-2012
Eté 2012,AVG,AG 10 BELIN BELIET / LE TEICH ,02-07-2012,03-07-2012
Eté 2012,AVG,AG 10 BELIN BELIET / LE TEICH ,23-07-2012,24-07-2012
Eté 2012,AVG,AG 10 BELIN BELIET / LE TEICH ,09-07-2012,10-07-2012
Eté 2012,AVG,AG 10 BELIN BELIET / LE TEICH ,20-08-2012,21-08-2012
Eté 2012,AVG,AG 14 RAID HOSTENS ,09-07-2012,11-07-2012
Eté 2012,AVG,AG 14 RAID HOSTENS ,16-07-2012,18-07-2012
Eté 2012,AVG,AG 14 RAID HOSTENS ,23-07-2012,25-07-2012
Eté 2012,AVG,AG 14 RAID HOSTENS ,30-07-2012,01-08-2012
Eté 2012,AVG,AG 14 RAID HOSTENS ,01-08-2012,03-08-2012
Eté 2012,AVG,AG 14 RAID HOSTENS ,06-08-2012,08-08-2012
Eté 2012,AVG,AG 16 CAZAUX  ,29-08-2012,31-08-2012
Eté 2012,AVG,AG 16 CAZAUX  ,18-07-2012,20-07-2012
Eté 2012,AVG,AG 16 CAZAUX  ,11-07-2012,13-07-2012
Eté 2012,AVG,AG 16 CAZAUX  ,16-07-2012,18-07-2012
Eté 2012,AVG,AG 16 CAZAUX  ,27-08-2012,29-08-2012
Eté 2012,AVG,AG 16 CAZAUX  ,23-07-2012,25-07-2012
Eté 2012,AVG,AG 16 CAZAUX  ,20-08-2012,22-08-2012
Eté 2012,AVG,AG 16 CAZAUX  ,09-07-2012,11-07-2012
Eté 2012,AVG,AG 16 CAZAUX  ,04-07-2012,06-07-2012
Eté 2012,AVG,AG 16 CAZAUX  ,25-07-2012,27-07-2012
Eté 2012,AVG,AG 16 CAZAUX  ,30-07-2012,01-08-2012
Eté 2012,AVG,AG 16 CAZAUX  ,01-08-2012,03-08-2012
Eté 2012,AVG,AG 16 CAZAUX  ,08-08-2012,10-08-2012
Eté 2012,AVG,AG 16 CAZAUX  ,22-08-2012,24-08-2012
Eté 2012,AVG,AG 16 CAZAUX  ,06-08-2012,08-08-2012
Eté 2012,AVG,AG 10 BELIN BELIET / LE TEICH ,16-07-2012,17-07-2012
Eté 2012,AVG,AG 10 BELIN BELIET / LE TEICH ,06-08-2012,07-08-2012
Eté 2012,AVG,AG 03 FRONTENAC  FALEYRAS ,26-07-2012,27-07-2012
Eté 2012,AVG,AG 03 FRONTENAC  FALEYRAS ,05-07-2012,06-07-2012
Eté 2012,AVG,AG 03 FRONTENAC  FALEYRAS ,02-08-2012,03-08-2012
Eté 2012,AVG,AG 03 FRONTENAC  FALEYRAS ,19-07-2012,20-07-2012
Eté 2012,AVG,AG 03 FRONTENAC  FALEYRAS ,09-08-2012,10-08-2012
Eté 2012,AVG,AG 03 FRONTENAC  FALEYRAS ,12-07-2012,13-07-2012
Eté 2012,AVG,AG 03 FRONTENAC  FALEYRAS ,16-08-2012,17-08-2012
Eté 2012,AVG,AG 07 RAID MULTI GLISSE LEGE ,30-07-2012,02-08-2012
Eté 2012,AVG,AG 07 RAID MULTI GLISSE LEGE ,16-07-2012,19-07-2012
Eté 2012,AVG,AG 07 RAID MULTI GLISSE LEGE ,23-07-2012,26-07-2012
Eté 2012,AVG,AG 07 RAID MULTI GLISSE LEGE ,06-08-2012,09-08-2012
Eté 2012,AVG,AG 07 RAID MULTI GLISSE LEGE ,09-07-2012,12-07-2012
Eté 2012,AVG,AG 07 RAID MULTI GLISSE LEGE ,23-07-2012,26-07-2012
Eté 2012,AVG,AG 07 RAID MULTI GLISSE LEGE ,09-07-2012,12-07-2012
Eté 2012,AVG,AG 07 RAID MULTI GLISSE LEGE ,06-08-2012,09-08-2012
Eté 2012,AVG,AG 07 RAID MULTI GLISSE LEGE ,30-07-2012,02-08-2012
Eté 2012,AVG,AG 07 RAID MULTI GLISSE LEGE ,16-07-2012,19-07-2012
Eté 2012,AVG,AG 07 RAID MULTI GLISSE LEGE ,20-08-2012,23-08-2012
Eté 2012,AVG,AG 07 RAID MULTI GLISSE LEGE ,20-08-2012,23-08-2012
Eté 2012,AVG,AG 13 MINI RAID MULTIGLISSE HOURTIN NAUJAC SUR MER ,27-08-2012,28-08-2012
Eté 2012,AVG,AG 13 MINI RAID MULTIGLISSE HOURTIN NAUJAC SUR MER ,20-08-2012,21-08-2012
Eté 2012,AVG,AG 13 MINI RAID MULTIGLISSE HOURTIN NAUJAC SUR MER ,19-07-2012,20-07-2012
Eté 2012,AVG,AG 13 MINI RAID MULTIGLISSE HOURTIN NAUJAC SUR MER ,09-07-2012,10-07-2012
Eté 2012,AVG,AG 13 MINI RAID MULTIGLISSE HOURTIN NAUJAC SUR MER ,16-07-2012,17-07-2012
Eté 2012,AVG,AG 13 MINI RAID MULTIGLISSE HOURTIN NAUJAC SUR MER ,12-07-2012,13-07-2012
Eté 2012,AVG,AG 13 MINI RAID MULTIGLISSE HOURTIN NAUJAC SUR MER ,23-08-2012,24-08-2012
Eté 2012,AVG,AG 01 LES SALLES DE CASTILLON / FALEYRAS ,16-07-2012,19-07-2012
Eté 2012,AVG,AG 01 LES SALLES DE CASTILLON / FALEYRAS ,09-07-2012,12-07-2012
Eté 2012,AVG,AG 01 LES SALLES DE CASTILLON / FALEYRAS ,23-07-2012,26-07-2012
Eté 2012,AVG,AG 01 LES SALLES DE CASTILLON / FALEYRAS ,06-08-2012,09-08-2012
Eté 2012,AVG,AG 01 LES SALLES DE CASTILLON / FALEYRAS ,30-07-2012,02-08-2012
Eté 2012,AVG,AG 01 LES SALLES DE CASTILLON / FALEYRAS ,27-08-2012,30-08-2012
Eté 2012,AVG,AG 04 RAID DE LA POINTE MEDOC ,16-07-2012,18-07-2012
Eté 2012,AVG,AG 04 RAID DE LA POINTE MEDOC ,23-07-2012,25-07-2012
Eté 2012,AVG,AG 04 RAID DE LA POINTE MEDOC ,09-07-2012,11-07-2012
Eté 2012,AVG,AG 04 RAID DE LA POINTE MEDOC ,30-07-2012,01-08-2012
Eté 2012,AVG,AG 04 RAID DE LA POINTE MEDOC ,06-08-2012,08-08-2012
Eté 2012,AVG,AG 04 RAID DE LA POINTE MEDOC ,20-08-2012,22-08-2012
Eté 2012,AVG,AG 04 RAID DE LA POINTE MEDOC ,27-08-2012,29-08-2012
Eté 2012,AVG,AG 09 RAID EN SUD GIRONDE ,08-08-2012,10-08-2012
Eté 2012,AVG,AG 09 RAID EN SUD GIRONDE ,18-07-2012,20-07-2012
Eté 2012,AVG,AG 09 RAID EN SUD GIRONDE ,11-07-2012,13-07-2012
Eté 2012,AVG,AG 09 RAID EN SUD GIRONDE ,22-08-2012,24-08-2012
Eté 2012,AVG,AG 09 RAID EN SUD GIRONDE ,25-07-2012,27-07-2012
Eté 2012,AVG,AG 02 LES SALLES DE CASTILLON / FALEYRAS ,17-07-2012,20-07-2012
Eté 2012,AVG,AG 02 LES SALLES DE CASTILLON / FALEYRAS ,28-08-2012,31-08-2012
Eté 2012,AVG,AG 02 LES SALLES DE CASTILLON / FALEYRAS ,10-07-2012,13-07-2012
Eté 2012,AVG,AG 02 LES SALLES DE CASTILLON / FALEYRAS ,24-07-2012,27-07-2012
Eté 2012,AVG,AG 02 LES SALLES DE CASTILLON / FALEYRAS ,07-08-2012,10-08-2012
Eté 2012,AVG,AG 02 LES SALLES DE CASTILLON / FALEYRAS ,21-08-2012,24-08-2012
Eté 2012,AVG,AG 02 LES SALLES DE CASTILLON / FALEYRAS ,31-07-2012,03-08-2012
Eté 2012,AVG,AG 17 RAID MULTI-GLISSE LACANAU ,24-07-2012,26-07-2012
Eté 2012,AVG,AG 17 RAID MULTI-GLISSE LACANAU ,28-08-2012,30-08-2012
Eté 2012,AVG,AG 17 RAID MULTI-GLISSE LACANAU ,10-07-2012,12-07-2012
Eté 2012,AVG,AG 17 RAID MULTI-GLISSE LACANAU ,21-08-2012,23-08-2012
Eté 2012,AVG,AG 17 RAID MULTI-GLISSE LACANAU ,17-07-2012,19-07-2012
Eté 2012,AVG,AG 17 RAID MULTI-GLISSE LACANAU ,07-08-2012,09-08-2012
Eté 2012,AVG,AG 17 RAID MULTI-GLISSE LACANAU ,31-07-2012,02-08-2012
Eté 2012,AVG,AG 05  RAID EN HTE GIRONDE  ,23-07-2012,25-07-2012
Eté 2012,AVG,AG 05  RAID EN HTE GIRONDE  ,16-07-2012,18-07-2012
Eté 2012,AVG,AG 05  RAID EN HTE GIRONDE  ,20-08-2012,22-08-2012
Eté 2012,AVG,AG 05  RAID EN HTE GIRONDE  ,06-08-2012,08-08-2012
Eté 2012,AVG,AG 05  RAID EN HTE GIRONDE  ,09-07-2012,11-07-2012
Eté 2012,AVG,AG 06 MINI RAID EN HAUTE GIRONDE ,22-08-2012,24-08-2012
Eté 2012,AVG,AG 06 MINI RAID EN HAUTE GIRONDE ,11-07-2012,13-07-2012
Eté 2012,AVG,AG 06 MINI RAID EN HAUTE GIRONDE ,25-07-2012,27-07-2012
Eté 2012,AVG,AG 06 MINI RAID EN HAUTE GIRONDE ,08-08-2012,10-08-2012
Eté 2012,AVG,AG 06 MINI RAID EN HAUTE GIRONDE ,29-08-2012,31-08-2012
Eté 2012,AVG,AG 06 MINI RAID EN HAUTE GIRONDE ,18-07-2012,20-07-2012
Eté 2012,AVG,AG 15 ST CHRISTOPHE DE DOUBLE / ST SEURIN ,09-07-2012,11-07-2012
Eté 2012,AVG,AG 15 ST CHRISTOPHE DE DOUBLE / ST SEURIN ,16-07-2012,18-07-2012
Eté 2012,AVG,AG 15 ST CHRISTOPHE DE DOUBLE / ST SEURIN ,01-08-2012,03-08-2012
Eté 2012,AVG,AG 15 ST CHRISTOPHE DE DOUBLE / ST SEURIN ,10-07-2012,12-07-2012
Eté 2012,AVG,AG 15 ST CHRISTOPHE DE DOUBLE / ST SEURIN ,31-07-2012,02-08-2012
Eté 2012,AVG,AG 15 ST CHRISTOPHE DE DOUBLE / ST SEURIN ,23-07-2012,25-07-2012
Eté 2012,AVG,AG 15 ST CHRISTOPHE DE DOUBLE / ST SEURIN ,11-07-2012,13-07-2012
Eté 2012,AVG,AG 15 ST CHRISTOPHE DE DOUBLE / ST SEURIN ,07-08-2012,09-08-2012
Eté 2012,AVG,AG 15 ST CHRISTOPHE DE DOUBLE / ST SEURIN ,27-08-2012,29-08-2012
Eté 2012,AVG,AG 15 ST CHRISTOPHE DE DOUBLE / ST SEURIN ,30-07-2012,01-08-2012
Eté 2012,AVG,AG 15 ST CHRISTOPHE DE DOUBLE / ST SEURIN ,22-08-2012,24-08-2012
Eté 2012,AVG,AG 15 ST CHRISTOPHE DE DOUBLE / ST SEURIN ,17-07-2012,19-07-2012
Eté 2012,AVG,AG 15 ST CHRISTOPHE DE DOUBLE / ST SEURIN ,08-08-2012,10-08-2012
Eté 2012,AVG,AG 15 ST CHRISTOPHE DE DOUBLE / ST SEURIN ,24-07-2012,26-07-2012
Eté 2012,AVG,AG 15 ST CHRISTOPHE DE DOUBLE / ST SEURIN ,25-07-2012,27-07-2012
Eté 2012,AVG,AG 15 ST CHRISTOPHE DE DOUBLE / ST SEURIN ,18-07-2012,20-07-2012
Eté 2012,AVG,AG 11 MINI RAID  FLOUDES-MORIZES  ,02-08-2012,03-08-2012
Eté 2012,AVG,AG 11 MINI RAID  FLOUDES-MORIZES  ,12-07-2012,13-07-2012
Eté 2012,AVG,AG 11 MINI RAID  FLOUDES-MORIZES  ,26-07-2012,27-07-2012
Eté 2012,AVG,AG 11 MINI RAID  FLOUDES-MORIZES  ,19-07-2012,20-07-2012
