Comp_Lib_Simplif,MO_N_Int,MO_Type,MO_Lib,MO_Lib_Simplif,COM_N_INSEE,NOM_COMM_min,Ass_Collectif,Situ
Assainissement collectif,9932,Syndicat,SIEA de l'Est du Libournais,EST DU LIBOURNAIS,33014,Les Artigues-de-Lussac,Existant ou programmé,2012
Assainissement collectif,9932,Syndicat,SIEA de l'Est du Libournais,EST DU LIBOURNAIS,33108,Castillon-la-Bataille,Existant ou programmé,2012
Assainissement collectif,9932,Syndicat,SIEA de l'Est du Libournais,EST DU LIBOURNAIS,33173,Francs,Non présent,2012
Assainissement collectif,9932,Syndicat,SIEA de l'Est du Libournais,EST DU LIBOURNAIS,33181,Gardegan-et-Tourtirac,Non présent,2012
Assainissement collectif,9932,Syndicat,SIEA de l'Est du Libournais,EST DU LIBOURNAIS,33261,Lussac,Existant ou programmé,2012
Assainissement collectif,9932,Syndicat,SIEA de l'Est du Libournais,EST DU LIBOURNAIS,33290,Montagne,Existant ou programmé,2012
Assainissement collectif,9932,Syndicat,SIEA de l'Est du Libournais,EST DU LIBOURNAIS,33296,Mouliets-et-Villemartin,Non présent,2012
Assainissement collectif,9932,Syndicat,SIEA de l'Est du Libournais,EST DU LIBOURNAIS,33302,Néac,Existant ou programmé,2012
Assainissement collectif,9932,Syndicat,SIEA de l'Est du Libournais,EST DU LIBOURNAIS,33328,Pomerol,Existant ou programmé,2012
Assainissement collectif,9932,Syndicat,SIEA de l'Est du Libournais,EST DU LIBOURNAIS,33342,Puisseguin,Existant ou programmé,2012
Assainissement collectif,9932,Syndicat,SIEA de l'Est du Libournais,EST DU LIBOURNAIS,33384,Saint-Christophe-Des-Bardes,Existant ou programmé,2012
Assainissement collectif,9932,Syndicat,SIEA de l'Est du Libournais,EST DU LIBOURNAIS,33390,Sainte-Colombe,Non présent,2012
Assainissement collectif,9932,Syndicat,SIEA de l'Est du Libournais,EST DU LIBOURNAIS,33394,Saint-Emilion,Existant ou programmé,2012
Assainissement collectif,9932,Syndicat,SIEA de l'Est du Libournais,EST DU LIBOURNAIS,33396,Saint-Etienne-de-Lisse,Non présent,2012
Assainissement collectif,9932,Syndicat,SIEA de l'Est du Libournais,EST DU LIBOURNAIS,33406,Saint-Genès-de-Castillon,Non présent,2012
Assainissement collectif,9932,Syndicat,SIEA de l'Est du Libournais,EST DU LIBOURNAIS,33420,Saint-Hippolyte,Non présent,2012
Assainissement collectif,9932,Syndicat,SIEA de l'Est du Libournais,EST DU LIBOURNAIS,33426,Saint-Laurent-Des-Combes,Non présent,2012
Assainissement collectif,9932,Syndicat,SIEA de l'Est du Libournais,EST DU LIBOURNAIS,33437,Saint-Magne-de-Castillon,Existant ou programmé,2012
Assainissement collectif,9932,Syndicat,SIEA de l'Est du Libournais,EST DU LIBOURNAIS,33459,Saint-Pey-d'Armens,Non présent,2012
Assainissement collectif,9932,Syndicat,SIEA de l'Est du Libournais,EST DU LIBOURNAIS,33461,Saint-Philippe-d'Aiguilhe,Existant ou programmé,2012
Assainissement collectif,9932,Syndicat,SIEA de l'Est du Libournais,EST DU LIBOURNAIS,33480,Saint-Sulpice-de-Faleyrens,Existant ou programmé,2012
Assainissement collectif,9932,Syndicat,SIEA de l'Est du Libournais,EST DU LIBOURNAIS,33499,Les Salles-de-Castillon,Non présent,2012
Assainissement collectif,9932,Syndicat,SIEA de l'Est du Libournais,EST DU LIBOURNAIS,33526,Tayac,Non présent,2012
Assainissement collectif,9932,Syndicat,SIEA de l'Est du Libournais,EST DU LIBOURNAIS,33546,Vignonet,Existant ou programmé,2012
Assainissement collectif,9942,Syndicat,SIA de Fargues,FARGUES LANGON TOULENNE,33164,Fargues,Existant ou programmé,2012
Assainissement collectif,9942,Syndicat,SIA de Fargues,FARGUES LANGON TOULENNE,33227,Langon,Existant ou programmé,2012
Assainissement collectif,9942,Syndicat,SIA de Fargues,FARGUES LANGON TOULENNE,33533,Toulenne,Existant ou programmé,2012
Assainissement collectif,9934,Syndicat,SIAEP de Gensac,GENSAC PESSAC,33186,Gensac,Existant ou programmé,2012
Assainissement collectif,9934,Syndicat,SIAEP de Gensac,GENSAC PESSAC,33319,Pessac-sur-Dordogne,Non présent,2012
Assainissement collectif,10019,Syndicat,SIAEPA  de Grignols,GRIGNOLS,33113,Cauvignac,Non présent,2012
Assainissement collectif,10019,Syndicat,SIAEPA  de Grignols,GRIGNOLS,33137,Cours-les-Bains,Non présent,2012
Assainissement collectif,10019,Syndicat,SIAEPA  de Grignols,GRIGNOLS,33195,Grignols,Existant ou programmé,2012
Assainissement collectif,10019,Syndicat,SIAEPA  de Grignols,GRIGNOLS,33212,Labescau,Non présent,2012
Assainissement collectif,10019,Syndicat,SIAEPA  de Grignols,GRIGNOLS,33235,Lavazan,Non présent,2012
Assainissement collectif,10019,Syndicat,SIAEPA  de Grignols,GRIGNOLS,33271,Marions,Non présent,2012
Assainissement collectif,10019,Syndicat,SIAEPA  de Grignols,GRIGNOLS,33276,Masseilles,Non présent,2012
Assainissement collectif,10019,Syndicat,SIAEPA  de Grignols,GRIGNOLS,33511,Sendets,Non présent,2012
Assainissement collectif,10019,Syndicat,SIAEPA  de Grignols,GRIGNOLS,33512,Sigalens,Existant ou programmé,2012
Assainissement collectif,10019,Syndicat,SIAEPA  de Grignols,GRIGNOLS,33513,Sillas,Non présent,2012
Assainissement collectif,9939,Syndicat,SIAEPA de La Brède,LA BREDE,33023,Ayguemorte-les-Graves,Existant ou programmé,2012
Assainissement collectif,9939,Syndicat,SIAEPA de La Brède,LA BREDE,33206,Isle-Saint-Georges,Existant ou programmé,2012
Assainissement collectif,9939,Syndicat,SIAEPA de La Brède,LA BREDE,33213,La Brède,Existant ou programmé,2012
Assainissement collectif,9939,Syndicat,SIAEPA de La Brède,LA BREDE,33274,Martillac,Existant ou programmé,2012
Assainissement collectif,9939,Syndicat,SIAEPA de La Brède,LA BREDE,33448,Saint-Médard-d'Eyrans,Existant ou programmé,2012
Assainissement collectif,9940,Syndicat,SIAEPA  de Lamarque,LAMARQUE CUSSAC ARCINS,33010,Arcins,Existant ou programmé,2012
Assainissement collectif,9940,Syndicat,SIAEPA  de Lamarque,LAMARQUE CUSSAC ARCINS,33146,Cussac-Fort-Médoc,Existant ou programmé,2012
Assainissement collectif,9940,Syndicat,SIAEPA  de Lamarque,LAMARQUE CUSSAC ARCINS,33220,Lamarque,Existant ou programmé,2012
Assainissement collectif,9941,Syndicat,SIAEPA de Langoiran,LANGOIRAN,33093,Capian,Existant ou programmé,2012
Assainissement collectif,9941,Syndicat,SIAEPA de Langoiran,LANGOIRAN,33226,Langoiran,Existant ou programmé,2012
Assainissement collectif,9941,Syndicat,SIAEPA de Langoiran,LANGOIRAN,33241,Lestiac-sur-Garonne,Existant ou programmé,2012
Assainissement collectif,9941,Syndicat,SIAEPA de Langoiran,LANGOIRAN,33518,Tabanac,Existant ou programmé,2012
Assainissement collectif,9941,Syndicat,SIAEPA de Langoiran,LANGOIRAN,33534,Le Tourne,Existant ou programmé,2012
Assainissement collectif,9943,Syndicat,SIEA de Latresne,LATRESNE,33099,Carignan-de-Bordeaux,Existant ou programmé,2012
Assainissement collectif,9943,Syndicat,SIEA de Latresne,LATRESNE,33118,Cénac,Existant ou programmé,2012
Assainissement collectif,9943,Syndicat,SIEA de Latresne,LATRESNE,33234,Latresne,Existant ou programmé,2012
Assainissement collectif,9945,Syndicat,SIAEPA  de Lerm et Musset,LERM ET MUSSET,33155,Escaudes,Non présent,2012
Assainissement collectif,9945,Syndicat,SIAEPA  de Lerm et Musset,LERM ET MUSSET,33188,Giscos,Non présent,2012
Assainissement collectif,9945,Syndicat,SIAEPA  de Lerm et Musset,LERM ET MUSSET,33190,Goualade,Non présent,2012
Assainissement collectif,9945,Syndicat,SIAEPA  de Lerm et Musset,LERM ET MUSSET,33232,Lartigue,Non présent,2012
Assainissement collectif,442,Commune,Abzac,ABZAC,33001,Abzac,Existant ou programmé,2012
Assainissement collectif,37,Commune,Anglade,ANGLADE,33006,Anglade,Existant ou programmé,2012
Assainissement collectif,28436,Commune,Barsac,BARSAC,33030,Barsac,Existant ou programmé,2012
Assainissement collectif,222,Commune,Bazas,BAZAS,33036,Bazas,Existant ou programmé,2012
Assainissement collectif,126,Commune,Beautiran,BEAUTIRAN,33037,Beautiran,Existant ou programmé,2012
Assainissement collectif,70,Commune,Belin-Beliet,BELIN BELIET,33042,Belin-Beliet,Existant ou programmé,2012
Assainissement collectif,23717,Commune,Belvès-de-Castillon,BELVES DE CASTILLON,33045,Belvès-de-Castillon,Existant ou programmé,2012
Assainissement collectif,1,Commune,Berson,BERSON,33047,Berson,Existant ou programmé,2012
Assainissement collectif,27462,Commune,Blasimon,BLASIMON,33057,Blasimon,Existant ou programmé,2012
Assainissement collectif,2,Commune,Blaye,BLAYE,33058,Blaye,Existant ou programmé,2012
Assainissement collectif,314,Commune,Bommes,BOMMES,33060,Bommes,Existant ou programmé,2012
Assainissement collectif,115,Commune,Brach,BRACH,33070,Brach,Existant ou programmé,2012
Assainissement collectif,15201,Commune,Braud-et-Saint-Louis,BRAUD ET ST LOUIS,33073,Braud-et-Saint-Louis,Existant ou programmé,2012
Assainissement collectif,127,Commune,Cabanac-et-Villagrains,CABANAC ET VILLAGRAINS,33077,Cabanac-et-Villagrains,Existant ou programmé,2012
Assainissement collectif,208,Commune,Cadaujac,CADAUJAC,33080,Cadaujac,Existant ou programmé,2012
Assainissement collectif,90,Commune,Cadillac,CADILLAC,33081,Cadillac,Existant ou programmé,2012
Assainissement collectif,144,Commune,Camarsac,CAMARSAC,33083,Camarsac,Existant ou programmé,2012
Assainissement collectif,3,Commune,Campugnan,CAMPUGNAN,33089,Campugnan,Existant ou programmé,2012
Assainissement collectif,169,Commune,Canéjan,CANEJAN,33090,Canéjan,Existant ou programmé,2012
Assainissement collectif,225,Commune,Captieux,CAPTIEUX,33095,Captieux,Existant ou programmé,2012
Assainissement collectif,302,Commune,Carcans,CARCANS,33097,Carcans,Existant ou programmé,2012
Assainissement collectif,4,Commune,Cars,CARS,33100,Cars,Existant ou programmé,2012
Assainissement collectif,5,Commune,Cartelègue,CARTELEGUE,33101,Cartelègue,Existant ou programmé,2012
Assainissement collectif,386,Commune,Castelmoron-d'Albret,CASTELMORON D'ALBRET,33103,Castelmoron-d'Albret,Existant ou programmé,2012
Assainissement collectif,175,Commune,Cerons,CERONS,33120,Cerons,Existant ou programmé,2012
Assainissement collectif,170,Commune,Cestas,CESTAS,33122,Cestas,Existant ou programmé,2012
Assainissement collectif,31,Commune,Civrac-de-Blaye,CIVRAC DE BLAYE,33126,Civrac-de-Blaye,Existant ou programmé,2012
Assainissement collectif,145,Commune,Créon,CREON,33140,Créon,Existant ou programmé,2012
Assainissement collectif,146,Commune,Croignon,CROIGNON,33141,Croignon,Existant ou programmé,2012
Assainissement collectif,147,Commune,Cursan,CURSAN,33145,Cursan,Existant ou programmé,2012
Assainissement collectif,38,Commune,Etauliers,ETAULIERS,33159,Etauliers,Existant ou programmé,2012
Assainissement collectif,39,Commune,Eyrans,EYRANS,33161,Eyrans,Existant ou programmé,2012
Assainissement collectif,139,Commune,Fargues-Saint-Hilaire,FARGUES ST HILAIRE,33165,Fargues-Saint-Hilaire,Existant ou programmé,2012
Assainissement collectif,368,Commune,Gironde-sur-Dropt,GIRONDE SUR DROPT,33187,Gironde-sur-Dropt,Existant ou programmé,2012
Assainissement collectif,305,Commune,Grayan-et-L'Hopital,GRAYAN ET L'HOPITAL,33193,Grayan-et-L'Hopital,Existant ou programmé,2012
Assainissement collectif,148,Commune,Haux,HAUX,33201,Haux,Existant ou programmé,2012
Assainissement collectif,336,Commune,Hostens,HOSTENS,33202,Hostens,Existant ou programmé,2012
Assainissement collectif,303,Commune,Hourtin,HOURTIN,33203,Hourtin,Existant ou programmé,2012
Assainissement collectif,177,Commune,Illats,ILLATS,33205,Illats,Existant ou programmé,2012
Assainissement collectif,346404,Commune,La Réole,LA REOLE,33352,La Réole,Existant ou programmé,2012
Assainissement collectif,117,Commune,Lacanau,LACANAU,33214,Lacanau,Existant ou programmé,2012
Assainissement collectif,178,Commune,Landiras,LANDIRAS,33225,Landiras,Existant ou programmé,2012
Assainissement collectif,33,Commune,Laruscade,LARUSCADE,33233,Laruscade,Existant ou programmé,2012
Assainissement collectif,69,Commune,Le Barp,LE BARP,33029,Le Barp,Existant ou programmé,2012
Assainissement collectif,78,Commune,Le Pian-Médoc,LE PIAN MEDOC,33322,Le Pian-Médoc,Existant ou programmé,2012
Assainissement collectif,120,Commune,Le Porge,LE PORGE,33333,Le Porge,Existant ou programmé,2012
Assainissement collectif,152,Commune,Le Pout,LE POUT,33335,Le Pout,Existant ou programmé,2012
Assainissement collectif,311,Commune,Le Verdon-sur-Mer,LE VERDON,33544,Le Verdon-sur-Mer,Existant ou programmé,2012
Assainissement collectif,319,Commune,Léogeats,LEOGEATS,33237,Léogeats,Existant ou programmé,2012
Assainissement collectif,209,Commune,Léognan,LEOGNAN,33238,Léognan,Existant ou programmé,2012
Assainissement collectif,445,Commune,Les Eglisottes-et-Chalaures,LES EGLISOTTES ET CHALAURES,33154,Les Eglisottes-et-Chalaures,Existant ou programmé,2012
Assainissement collectif,285,Commune,Lesparre-Médoc,LESPARRE,33240,Lesparre-Médoc,Existant ou programmé,2012
Assainissement collectif,12011,Commune,Libourne,LIBOURNE,33243,Libourne,Existant ou programmé,2012
Assainissement collectif,149,Commune,Lignan-de-Bordeaux,LIGNAN DE BORDEAUX,33245,Lignan-de-Bordeaux,Existant ou programmé,2012
Assainissement collectif,150,Commune,Loupes,LOUPES,33252,Loupes,Existant ou programmé,2012
Assainissement collectif,98,Commune,Loupiac,LOUPIAC,33253,Loupiac,Existant ou programmé,2012
Assainissement collectif,66,Commune,Marcheprime,MARCHEPRIME,33555,Marcheprime,Existant ou programmé,2012
Assainissement collectif,7,Commune,Mazion,MAZION,33280,Mazion,Existant ou programmé,2012
Assainissement collectif,420,Commune,Moulon,MOULON,33298,Moulon,Existant ou programmé,2012
Assainissement collectif,275,Commune,Noaillan,NOAILLAN,33307,Noaillan,Existant ou programmé,2012
Assainissement collectif,101,Commune,Paillet,PAILLET,33311,Paillet,Existant ou programmé,2012
Assainissement collectif,296,Commune,Pauillac,PAUILLAC,33314,Pauillac,Existant ou programmé,2012
Assainissement collectif,407,Commune,Pellegrue,PELLEGRUE,33316,Pellegrue,Existant ou programmé,2012
Assainissement collectif,8,Commune,Plassac,PLASSAC,33325,Plassac,Existant ou programmé,2012
Assainissement collectif,41,Commune,Pleine-Selve,PLEINE SELVE,33326,Pleine-Selve,Existant ou programmé,2012
Assainissement collectif,140,Commune,Pompignac,POMPIGNAC,33330,Pompignac,Existant ou programmé,2012
Assainissement collectif,277,Commune,Préchac,PRECHAC,33336,Préchac,Existant ou programmé,2012
Assainissement collectif,181,Commune,Preignac,PREIGNAC,33337,Preignac,Existant ou programmé,2012
Assainissement collectif,42,Commune,Reignac,REIGNAC,33351,Reignac,Existant ou programmé,2012
Assainissement collectif,153,Commune,Sadirac,SADIRAC,33363,Sadirac,Existant ou programmé,2012
Assainissement collectif,156,Commune,Salleboeuf,SALLEBOEUF,33496,Salleboeuf,Existant ou programmé,2012
Assainissement collectif,134,Commune,Saucats,SAUCATS,33501,Saucats,Existant ou programmé,2012
Assainissement collectif,331,Commune,Sauternes,SAUTERNES,33504,Sauternes,Existant ou programmé,2012
Assainissement collectif,9220,Commune,Sauveterre-de-Guyenne,SAUVETERRE DE GUYENNE,33506,Sauveterre-de-Guyenne,Existant ou programmé,2012
Assainissement collectif,308,Commune,Soulac-sur-Mer,SOULAC,33514,Soulac-sur-Mer,Existant ou programmé,2012
Assainissement collectif,43,Commune,Saint-Aubin-de-Blaye,ST AUBIN DE BLAYE,33374,Saint-Aubin-de-Blaye,Existant ou programmé,2012
Assainissement collectif,422,Commune,Saint-Aubin-de-Branne,ST AUBIN DE BRANNE,33375,Saint-Aubin-de-Branne,Existant ou programmé,2012
Assainissement collectif,44,Commune,Saint-Caprais-de-Blaye,ST CAPRAIS DE BLAYE,33380,Saint-Caprais-de-Blaye,Existant ou programmé,2012
Assainissement collectif,49,Commune,Saint-Christoly-de-Blaye,ST CHRISTOLY DE BLAYE,33382,Saint-Christoly-de-Blaye,Existant ou programmé,2012
Assainissement collectif,449,Commune,Saint-Christophe-de-Double,ST CHRISTOPHE DE DOUBLE,33385,Saint-Christophe-de-Double,Existant ou programmé,2012
Assainissement collectif,45,Commune,Saint-Ciers-sur-Gironde,ST CIERS SUR GIRONDE,33389,Saint-Ciers-sur-Gironde,Existant ou programmé,2012
Assainissement collectif,409,Commune,Saint-Ferme,ST FERME,33400,Saint-Ferme,Existant ou programmé,2012
Assainissement collectif,1304,Commune,Saint-Jean-de-Blaignac,ST JEAN DE BLAIGNAC,33421,Saint-Jean-de-Blaignac,Existant ou programmé,2012
Assainissement collectif,298,Commune,Saint-Julien-Beychevelle,ST JULIEN BEYCHEVELLE,33423,Saint-Julien-Beychevelle,Existant ou programmé,2012
Assainissement collectif,304,Commune,Saint-Laurent-Médoc,ST LAURENT MEDOC,33424,Saint-Laurent-Médoc,Existant ou programmé,2012
Assainissement collectif,72,Commune,Saint-Magne,ST MAGNE,33436,Saint-Magne,Existant ou programmé,2012
Assainissement collectif,36,Commune,Saint-Mariens,ST MARIENS,33439,Saint-Mariens,Existant ou programmé,2012
Assainissement collectif,11,Commune,Saint-Martin-Lacaussade,ST MARTIN LACAUSSADE,33441,Saint-Martin-Lacaussade,Existant ou programmé,2012
Assainissement collectif,12,Commune,Saint-Paul,ST PAUL DE BLAYE,33458,Saint-Paul,Existant ou programmé,2012
Assainissement collectif,329,Commune,Saint-Pierre-d'Aurillac,ST PIERRE D'AURILLAC,33463,Saint-Pierre-d'Aurillac,Existant ou programmé,2012
Assainissement collectif,51,Commune,Saint-Savin,ST SAVIN,33473,Saint-Savin,Existant ou programmé,2012
Assainissement collectif,13,Commune,Saint-Seurin-de-Cursac,ST SEURIN DE CURSAC,33477,Saint-Seurin-de-Cursac,Existant ou programmé,2012
Assainissement collectif,1340,Commune,Saint-Seurin-sur-L'Isle,ST SEURIN SUR L'ISLE,33478,Saint-Seurin-sur-L'Isle,Existant ou programmé,2012
Assainissement collectif,340,Commune,Saint-Symphorien,ST SYMPHORIEN,33484,Saint-Symphorien,Existant ou programmé,2012
Assainissement collectif,307,Commune,Saint-Vivien-de-Médoc,ST VIVIEN DE MÉDOC,33490,Saint-Vivien-de-Médoc,Existant ou programmé,2012
Assainissement collectif,53,Commune,Saint-Yzan-de-Soudiac,ST YZAN DE SOUDIAC,33492,Saint-Yzan-de-Soudiac,Existant ou programmé,2012
Assainissement collectif,103,Commune,Sainte-Croix-du-Mont,STE CROIX DU MONT,33392,Sainte-Croix-du-Mont,Existant ou programmé,2012
Assainissement collectif,199,Commune,Sainte-Eulalie,STE EULALIE,33397,Sainte-Eulalie,Existant ou programmé,2012
Assainissement collectif,121,Commune,Sainte-Hélène,STE HELENE,33417,Sainte-Hélène,Existant ou programmé,2012
Assainissement collectif,434,Commune,Sainte-Terre,STE TERRE,33485,Sainte-Terre,Existant ou programmé,2012
Assainissement collectif,309,Commune,Talais,TALAIS,33521,Talais,Existant ou programmé,2012
Assainissement collectif,141,Commune,Tresses,TRESSES,33535,Tresses,Existant ou programmé,2012
Assainissement collectif,278,Commune,Uzeste,UZESTE,33537,Uzeste,Existant ou programmé,2012
Assainissement collectif,294,Commune,Vendays-Montalivet,VENDAYS MONTALIVET,33540,Vendays-Montalivet,Existant ou programmé,2012
Assainissement collectif,310,Commune,Vensac,VENSAC,33541,Vensac,Existant ou programmé,2012
Assainissement collectif,279,Commune,Villandraut,VILLANDRAUT,33547,Villandraut,Existant ou programmé,2012
Assainissement collectif,10512,CU,Communauté Urbaine de Bordeaux,C.U.B.,33003,Ambarès-et-Lagrave,Existant ou programmé,2012
Assainissement collectif,10512,CU,Communauté Urbaine de Bordeaux,C.U.B.,33004,Ambès,Existant ou programmé,2012
Assainissement collectif,10512,CU,Communauté Urbaine de Bordeaux,C.U.B.,33013,Artigues-près-Bordeaux,Existant ou programmé,2012
Assainissement collectif,10512,CU,Communauté Urbaine de Bordeaux,C.U.B.,33032,Bassens,Existant ou programmé,2012
Assainissement collectif,10512,CU,Communauté Urbaine de Bordeaux,C.U.B.,33039,Bègles,Existant ou programmé,2012
Assainissement collectif,10512,CU,Communauté Urbaine de Bordeaux,C.U.B.,33056,Blanquefort,Existant ou programmé,2012
Assainissement collectif,10512,CU,Communauté Urbaine de Bordeaux,C.U.B.,33063,Bordeaux,Existant ou programmé,2012
Assainissement collectif,10512,CU,Communauté Urbaine de Bordeaux,C.U.B.,33065,Bouliac,Existant ou programmé,2012
Assainissement collectif,10512,CU,Communauté Urbaine de Bordeaux,C.U.B.,33069,Le Bouscat,Existant ou programmé,2012
Assainissement collectif,10512,CU,Communauté Urbaine de Bordeaux,C.U.B.,33075,Bruges,Existant ou programmé,2012
Assainissement collectif,10512,CU,Communauté Urbaine de Bordeaux,C.U.B.,33096,Carbon-Blanc,Existant ou programmé,2012
Assainissement collectif,10512,CU,Communauté Urbaine de Bordeaux,C.U.B.,33119,Cenon,Existant ou programmé,2012
Assainissement collectif,10512,CU,Communauté Urbaine de Bordeaux,C.U.B.,33162,Eysines,Existant ou programmé,2012
Assainissement collectif,10512,CU,Communauté Urbaine de Bordeaux,C.U.B.,33167,Floirac,Existant ou programmé,2012
Assainissement collectif,10512,CU,Communauté Urbaine de Bordeaux,C.U.B.,33192,Gradignan,Existant ou programmé,2012
Assainissement collectif,10512,CU,Communauté Urbaine de Bordeaux,C.U.B.,33200,Le Haillan,Existant ou programmé,2012
Assainissement collectif,10512,CU,Communauté Urbaine de Bordeaux,C.U.B.,33249,Lormont,Existant ou programmé,2012
Assainissement collectif,10512,CU,Communauté Urbaine de Bordeaux,C.U.B.,33281,Mérignac,Existant ou programmé,2012
Assainissement collectif,10512,CU,Communauté Urbaine de Bordeaux,C.U.B.,33312,Parempuyre,Existant ou programmé,2012
Assainissement collectif,10512,CU,Communauté Urbaine de Bordeaux,C.U.B.,33318,Pessac,Existant ou programmé,2012
Assainissement collectif,10512,CU,Communauté Urbaine de Bordeaux,C.U.B.,33376,Saint-Aubin-de-Médoc,Existant ou programmé,2012
Assainissement collectif,10512,CU,Communauté Urbaine de Bordeaux,C.U.B.,33434,Saint-Louis-de-Montferrand,Existant ou programmé,2012
Assainissement collectif,10512,CU,Communauté Urbaine de Bordeaux,C.U.B.,33449,Saint-Médard-en-Jalles,Existant ou programmé,2012
Assainissement collectif,10512,CU,Communauté Urbaine de Bordeaux,C.U.B.,33487,Saint-Vincent-de-Paul,Existant ou programmé,2012
Assainissement collectif,10512,CU,Communauté Urbaine de Bordeaux,C.U.B.,33519,Le Taillan-Médoc,Existant ou programmé,2012
Assainissement collectif,10512,CU,Communauté Urbaine de Bordeaux,C.U.B.,33522,Talence,Existant ou programmé,2012
Assainissement collectif,10512,CU,Communauté Urbaine de Bordeaux,C.U.B.,33550,Villenave-d'Ornon,Existant ou programmé,2012
Assainissement collectif,9900,Syndicat,SIAEPA d'Arveyres,ARVEYRES,33015,Arveyres,Existant ou programmé,2012
Assainissement collectif,9900,Syndicat,SIAEPA d'Arveyres,ARVEYRES,33028,Baron,Non présent,2012
Assainissement collectif,9900,Syndicat,SIAEPA d'Arveyres,ARVEYRES,33079,Cadarsac,Existant ou programmé,2012
Assainissement collectif,9900,Syndicat,SIAEPA d'Arveyres,ARVEYRES,33086,Camiac-et-Saint-Denis,Non présent,2012
Assainissement collectif,9900,Syndicat,SIAEPA d'Arveyres,ARVEYRES,33147,Daignac,Non présent,2012
Assainissement collectif,9900,Syndicat,SIAEPA d'Arveyres,ARVEYRES,33148,Dardenac,Non présent,2012
Assainissement collectif,9900,Syndicat,SIAEPA d'Arveyres,ARVEYRES,33157,Espiet,Non présent,2012
Assainissement collectif,9900,Syndicat,SIAEPA d'Arveyres,ARVEYRES,33185,Génissac,Existant ou programmé,2012
Assainissement collectif,9900,Syndicat,SIAEPA d'Arveyres,ARVEYRES,33196,Guillac,Non présent,2012
Assainissement collectif,9900,Syndicat,SIAEPA d'Arveyres,ARVEYRES,33207,Izon,Existant ou programmé,2012
Assainissement collectif,9900,Syndicat,SIAEPA d'Arveyres,ARVEYRES,33257,Lugaignac,Existant ou programmé,2012
Assainissement collectif,9900,Syndicat,SIAEPA d'Arveyres,ARVEYRES,33303,Nérigean,Non présent,2012
Assainissement collectif,9900,Syndicat,SIAEPA d'Arveyres,ARVEYRES,33413,Saint-Germain-du-Puch,Existant ou programmé,2012
Assainissement collectif,9900,Syndicat,SIAEPA d'Arveyres,ARVEYRES,33466,Saint-Quentin-de-Baron,Existant ou programmé,2012
Assainissement collectif,9900,Syndicat,SIAEPA d'Arveyres,ARVEYRES,33531,Tizac-de-Curton,Non présent,2012
Assainissement collectif,9900,Syndicat,SIAEPA d'Arveyres,ARVEYRES,33539,Vayres,Existant ou programmé,2012
Assainissement collectif,9904,Syndicat,SIAEPA  de Bassanne,BASSANNE,33002,Aillas,Existant ou programmé,2012
Assainissement collectif,9904,Syndicat,SIAEPA  de Bassanne,BASSANNE,33027,Barie,Non présent,2012
Assainissement collectif,9904,Syndicat,SIAEPA  de Bassanne,BASSANNE,33031,Bassanne,Non présent,2012
Assainissement collectif,9904,Syndicat,SIAEPA  de Bassanne,BASSANNE,33048,Berthez,Non présent,2012
Assainissement collectif,9904,Syndicat,SIAEPA  de Bassanne,BASSANNE,33054,Blaignac,Non présent,2012
Assainissement collectif,9904,Syndicat,SIAEPA  de Bassanne,BASSANNE,33107,Castillon-de-Castets,Non présent,2012
Assainissement collectif,9904,Syndicat,SIAEPA  de Bassanne,BASSANNE,33169,Floudes,Non présent,2012
Assainissement collectif,9904,Syndicat,SIAEPA  de Bassanne,BASSANNE,33170,Fontet,Existant ou programmé,2012
Assainissement collectif,9904,Syndicat,SIAEPA  de Bassanne,BASSANNE,33204,Hure,Non présent,2012
Assainissement collectif,9904,Syndicat,SIAEPA  de Bassanne,BASSANNE,33216,Lados,Non présent,2012
Assainissement collectif,9904,Syndicat,SIAEPA  de Bassanne,BASSANNE,33254,Loupiac-de-la-Reole,Non présent,2012
Assainissement collectif,9904,Syndicat,SIAEPA  de Bassanne,BASSANNE,33306,Noaillac,Non présent,2012
Assainissement collectif,9904,Syndicat,SIAEPA  de Bassanne,BASSANNE,33331,Pondaurat,Non présent,2012
Assainissement collectif,9904,Syndicat,SIAEPA  de Bassanne,BASSANNE,33346,Puybarban,Non présent,2012
Assainissement collectif,9904,Syndicat,SIAEPA  de Bassanne,BASSANNE,33508,Savignac,Non présent,2012
Assainissement collectif,9908,Syndicat,SIAEPA de Bégadan,BEGADAN,33038,Bégadan,Non présent,2012
Assainissement collectif,9908,Syndicat,SIAEPA de Bégadan,BEGADAN,33128,Civrac-en-Médoc,Non présent,2012
Assainissement collectif,9908,Syndicat,SIAEPA de Bégadan,BEGADAN,33177,Gaillan-en-Médoc,Existant ou programmé,2012
Assainissement collectif,9908,Syndicat,SIAEPA de Bégadan,BEGADAN,33208,Jau-Dignac-et-Loirac,Non présent,2012
Assainissement collectif,9908,Syndicat,SIAEPA de Bégadan,BEGADAN,33348,Queyrac,Existant ou programmé,2012
Assainissement collectif,9908,Syndicat,SIAEPA de Bégadan,BEGADAN,33538,Valeyrac,Existant ou programmé,2012
Assainissement collectif,9913,Syndicat,SIAEPA du Bourgeais,BOURGEAIS,33035,Bayon-sur-Gironde,Existant ou programmé,2012
Assainissement collectif,9913,Syndicat,SIAEPA du Bourgeais,BOURGEAIS,33067,Bourg,Existant ou programmé,2012
Assainissement collectif,9913,Syndicat,SIAEPA du Bourgeais,BOURGEAIS,33132,Comps,Existant ou programmé,2012
Assainissement collectif,9913,Syndicat,SIAEPA du Bourgeais,BOURGEAIS,33182,Gauriac,Existant ou programmé,2012
Assainissement collectif,9913,Syndicat,SIAEPA du Bourgeais,BOURGEAIS,33228,Lansac,Existant ou programmé,2012
Assainissement collectif,9913,Syndicat,SIAEPA du Bourgeais,BOURGEAIS,33285,Mombrier,Existant ou programmé,2012
Assainissement collectif,9913,Syndicat,SIAEPA du Bourgeais,BOURGEAIS,33341,Pugnac,Existant ou programmé,2012
Assainissement collectif,9913,Syndicat,SIAEPA du Bourgeais,BOURGEAIS,33388,Saint-Ciers-de-Canesse,Existant ou programmé,2012
Assainissement collectif,9913,Syndicat,SIAEPA du Bourgeais,BOURGEAIS,33475,Saint-Seurin-de-Bourg,Existant ou programmé,2012
Assainissement collectif,9913,Syndicat,SIAEPA du Bourgeais,BOURGEAIS,33486,Saint-Trojan,Non présent,2012
Assainissement collectif,9913,Syndicat,SIAEPA du Bourgeais,BOURGEAIS,33489,Saint-Vivien-de-Blaye,Non présent,2012
Assainissement collectif,9913,Syndicat,SIAEPA du Bourgeais,BOURGEAIS,33500,Samonac,Existant ou programmé,2012
Assainissement collectif,9913,Syndicat,SIAEPA du Bourgeais,BOURGEAIS,33525,Tauriac,Existant ou programmé,2012
Assainissement collectif,9913,Syndicat,SIAEPA du Bourgeais,BOURGEAIS,33530,Teuillac,Existant ou programmé,2012
Assainissement collectif,9913,Syndicat,SIAEPA du Bourgeais,BOURGEAIS,33551,Villeneuve,Existant ou programmé,2012
Assainissement collectif,150304,Syndicat,SIVU du Brannais,BRANNAIS,33071,Branne,Existant ou programmé,2012
Assainissement collectif,150304,Syndicat,SIVU du Brannais,BRANNAIS,33078,Cabara,Existant ou programmé,2012
Assainissement collectif,150304,Syndicat,SIVU du Brannais,BRANNAIS,33194,Grezillac,Existant ou programmé,2012
Assainissement collectif,9914,Syndicat,SI AEPA de Budos,BUDOS,33076,Budos,Existant ou programmé,2012
Assainissement collectif,9914,Syndicat,SI AEPA de Budos,BUDOS,33205,Illats,Existant ou programmé,2012
Assainissement collectif,9914,Syndicat,SI AEPA de Budos,BUDOS,33343,Pujols-sur-Ciron,Non présent,2012
Assainissement collectif,9923,Syndicat,SIA de CA PO AR,CA.PO.AR,33007,Arbanats,Existant ou programmé,2012
Assainissement collectif,9923,Syndicat,SIA de CA PO AR,CA.PO.AR,33109,Castres-Gironde,Existant ou programmé,2012
Assainissement collectif,9923,Syndicat,SIA de CA PO AR,CA.PO.AR,33334,Portets,Existant ou programmé,2012
Assainissement collectif,9915,Syndicat,SIAEPA de Camblanes et Meynac,CAMBLANES QUINSAC,33085,Camblanes-et-Meynac,Existant ou programmé,2012
Assainissement collectif,9915,Syndicat,SIAEPA de Camblanes et Meynac,CAMBLANES QUINSAC,33349,Quinsac,Existant ou programmé,2012
Assainissement collectif,19043,Syndicat,SIAEPA de Castelnau Médoc,CASTELNAU MEDOC,33022,Avensan,Existant ou programmé,2012
Assainissement collectif,19043,Syndicat,SIAEPA de Castelnau Médoc,CASTELNAU MEDOC,33104,Castelnau-de-Médoc,Existant ou programmé,2012
Assainissement collectif,19043,Syndicat,SIAEPA de Castelnau Médoc,CASTELNAU MEDOC,33248,Listrac-Médoc,Existant ou programmé,2012
Assainissement collectif,19043,Syndicat,SIAEPA de Castelnau Médoc,CASTELNAU MEDOC,33297,Moulis-en-Médoc,Existant ou programmé,2012
Assainissement collectif,19043,Syndicat,SIAEPA de Castelnau Médoc,CASTELNAU MEDOC,33494,Salaunes,Existant ou programmé,2012
Assainissement collectif,9921,Syndicat,SIAEPA de Castets,CASTETS EN DORTHE,33021,Auros,Existant ou programmé,2012
Assainissement collectif,9921,Syndicat,SIAEPA de Castets,CASTETS EN DORTHE,33050,Bieujac,Existant ou programmé,2012
Assainissement collectif,9921,Syndicat,SIAEPA de Castets,CASTETS EN DORTHE,33072,Brannens,Existant ou programmé,2012
Assainissement collectif,9921,Syndicat,SIAEPA de Castets,CASTETS EN DORTHE,33074,Brouqueyran,Non présent,2012
Assainissement collectif,9921,Syndicat,SIAEPA de Castets,CASTETS EN DORTHE,33106,Castets-en-Dorthe,Existant ou programmé,2012
Assainissement collectif,9921,Syndicat,SIAEPA de Castets,CASTETS EN DORTHE,33130,Coimères,Existant ou programmé,2012
Assainissement collectif,9921,Syndicat,SIAEPA de Castets,CASTETS EN DORTHE,33279,Mazères,Existant ou programmé,2012
Assainissement collectif,9921,Syndicat,SIAEPA de Castets,CASTETS EN DORTHE,33357,Roaillan,Existant ou programmé,2012
Assainissement collectif,9921,Syndicat,SIAEPA de Castets,CASTETS EN DORTHE,33432,Saint-Loubert,Non présent,2012
Assainissement collectif,9921,Syndicat,SIAEPA de Castets,CASTETS EN DORTHE,33457,Saint-Pardon-de-Conques,Existant ou programmé,2012
Assainissement collectif,9921,Syndicat,SIAEPA de Castets,CASTETS EN DORTHE,33465,Saint-Pierre-de-Mons,Existant ou programmé,2012
Assainissement collectif,19875,Syndicat,SIAEPA  de Caudrot,CAUDROT,33111,Caudrot,Existant ou programmé,2012
Assainissement collectif,19875,Syndicat,SIAEPA  de Caudrot,CAUDROT,33367,Saint-André-du-Bois,Non présent,2012
Assainissement collectif,19875,Syndicat,SIAEPA  de Caudrot,CAUDROT,33403,Sainte-Foy-la-Longue,Non présent,2012
Assainissement collectif,19875,Syndicat,SIAEPA  de Caudrot,CAUDROT,33427,Saint-Laurent-du-Bois,Non présent,2012
Assainissement collectif,19875,Syndicat,SIAEPA  de Caudrot,CAUDROT,33428,Saint-Laurent-du-Plan,Non présent,2012
Assainissement collectif,19875,Syndicat,SIAEPA  de Caudrot,CAUDROT,33440,Saint-Martial,Non présent,2012
Assainissement collectif,19875,Syndicat,SIAEPA  de Caudrot,CAUDROT,33444,Saint-Martin-de-Sescas,Existant ou programmé,2012
Assainissement collectif,17150,Syndicat,SIAEPA  du Cubzadais,CUBZADAIS FRONSADAIS,33016,Asques,Existant ou programmé,2012
Assainissement collectif,17150,Syndicat,SIAEPA  du Cubzadais,CUBZADAIS FRONSADAIS,33018,Aubie-et-Espessas,Existant ou programmé,2012
Assainissement collectif,17150,Syndicat,SIAEPA  du Cubzadais,CUBZADAIS FRONSADAIS,33082,Cadillac-en-Fronsadais,Existant ou programmé,2012
Assainissement collectif,17150,Syndicat,SIAEPA  du Cubzadais,CUBZADAIS FRONSADAIS,33114,Cavignac,Existant ou programmé,2012
Assainissement collectif,17150,Syndicat,SIAEPA  du Cubzadais,CUBZADAIS FRONSADAIS,33123,Cezac,Existant ou programmé,2012
Assainissement collectif,17150,Syndicat,SIAEPA  du Cubzadais,CUBZADAIS FRONSADAIS,33142,Cubnezais,Existant ou programmé,2012
Assainissement collectif,17150,Syndicat,SIAEPA  du Cubzadais,CUBZADAIS FRONSADAIS,33143,Cubzac-les-Ponts,Existant ou programmé,2012
Assainissement collectif,17150,Syndicat,SIAEPA  du Cubzadais,CUBZADAIS FRONSADAIS,33174,Fronsac,Existant ou programmé,2012
Assainissement collectif,17150,Syndicat,SIAEPA  du Cubzadais,CUBZADAIS FRONSADAIS,33179,Galgon,Existant ou programmé,2012
Assainissement collectif,17150,Syndicat,SIAEPA  du Cubzadais,CUBZADAIS FRONSADAIS,33183,Gauriaguet,Existant ou programmé,2012
Assainissement collectif,17150,Syndicat,SIAEPA  du Cubzadais,CUBZADAIS FRONSADAIS,33219,La Lande-de-Fronsac,Existant ou programmé,2012
Assainissement collectif,17150,Syndicat,SIAEPA  du Cubzadais,CUBZADAIS FRONSADAIS,33259,Lugon-et-L'Ile-du-Carnay,Existant ou programmé,2012
Assainissement collectif,17150,Syndicat,SIAEPA  du Cubzadais,CUBZADAIS FRONSADAIS,33266,Marcenais,Non présent,2012
Assainissement collectif,17150,Syndicat,SIAEPA  du Cubzadais,CUBZADAIS FRONSADAIS,33272,Marsas,Existant ou programmé,2012
Assainissement collectif,17150,Syndicat,SIAEPA  du Cubzadais,CUBZADAIS FRONSADAIS,33295,Mouillac,Non présent,2012
Assainissement collectif,17150,Syndicat,SIAEPA  du Cubzadais,CUBZADAIS FRONSADAIS,33317,Périssac,Existant ou programmé,2012
Assainissement collectif,17150,Syndicat,SIAEPA  du Cubzadais,CUBZADAIS FRONSADAIS,33321,Peujard,Existant ou programmé,2012
Assainissement collectif,17150,Syndicat,SIAEPA  du Cubzadais,CUBZADAIS FRONSADAIS,33339,Prignac-et-Marcamps,Existant ou programmé,2012
Assainissement collectif,17150,Syndicat,SIAEPA  du Cubzadais,CUBZADAIS FRONSADAIS,33356,La Riviere,Non présent,2012
Assainissement collectif,17150,Syndicat,SIAEPA  du Cubzadais,CUBZADAIS FRONSADAIS,33364,Saillans,Non présent,2012
Assainissement collectif,17150,Syndicat,SIAEPA  du Cubzadais,CUBZADAIS FRONSADAIS,33365,Saint-Aignan,Non présent,2012
Assainissement collectif,17150,Syndicat,SIAEPA  du Cubzadais,CUBZADAIS FRONSADAIS,33366,Saint-André-de-Cubzac,Existant ou programmé,2012
Assainissement collectif,17150,Syndicat,SIAEPA  du Cubzadais,CUBZADAIS FRONSADAIS,33371,Saint-Antoine,Existant ou programmé,2012
Assainissement collectif,17150,Syndicat,SIAEPA  du Cubzadais,CUBZADAIS FRONSADAIS,33407,Saint-Genès-de-Fronsac,Non présent,2012
Assainissement collectif,17150,Syndicat,SIAEPA  du Cubzadais,CUBZADAIS FRONSADAIS,33414,Saint-Germain-de-la-Riviere,Non présent,2012
Assainissement collectif,17150,Syndicat,SIAEPA  du Cubzadais,CUBZADAIS FRONSADAIS,33415,Saint-Gervais,Existant ou programmé,2012
Assainissement collectif,17150,Syndicat,SIAEPA  du Cubzadais,CUBZADAIS FRONSADAIS,33425,Saint-Laurent-d'Arce,Existant ou programmé,2012
Assainissement collectif,17150,Syndicat,SIAEPA  du Cubzadais,CUBZADAIS FRONSADAIS,33451,Saint-Michel-de-Fronsac,Non présent,2012
Assainissement collectif,17150,Syndicat,SIAEPA  du Cubzadais,CUBZADAIS FRONSADAIS,33470,Saint-Romain-la-Virvée,Existant ou programmé,2012
Assainissement collectif,17150,Syndicat,SIAEPA  du Cubzadais,CUBZADAIS FRONSADAIS,33495,Salignac,Existant ou programmé,2012
Assainissement collectif,17150,Syndicat,SIAEPA  du Cubzadais,CUBZADAIS FRONSADAIS,33524,Tarnes,Non présent,2012
Assainissement collectif,17150,Syndicat,SIAEPA  du Cubzadais,CUBZADAIS FRONSADAIS,33542,Vérac,Existant ou programmé,2012
Assainissement collectif,17150,Syndicat,SIAEPA  du Cubzadais,CUBZADAIS FRONSADAIS,33548,Villegouge,Existant ou programmé,2012
Assainissement collectif,17150,Syndicat,SIAEPA  du Cubzadais,CUBZADAIS FRONSADAIS,33553,Virsac,Existant ou programmé,2012
Assainissement collectif,9945,Syndicat,SIAEPA  de Lerm et Musset,LERM ET MUSSET,33239,Lerm-et-Musset,Non présent,2012
Assainissement collectif,9945,Syndicat,SIAEPA  de Lerm et Musset,LERM ET MUSSET,33450,Saint-Michel-de-Castelnau,Non présent,2012
Assainissement collectif,9946,Syndicat,SIAEPA des Billaux Lalande de Pomerol,LES BILLAUX LALANDE DE POMEROL,33052,Les Billaux,Existant ou programmé,2012
Assainissement collectif,9946,Syndicat,SIAEPA des Billaux Lalande de Pomerol,LES BILLAUX LALANDE DE POMEROL,33222,Lalande-de-Pomerol,Existant ou programmé,2012
Assainissement collectif,9950,Syndicat,SIAEPA  de Ludon,LUDON MACAU LABARDE,33211,Labarde,Existant ou programmé,2012
Assainissement collectif,9950,Syndicat,SIAEPA  de Ludon,LUDON MACAU LABARDE,33256,Ludon-Médoc,Existant ou programmé,2012
Assainissement collectif,9950,Syndicat,SIAEPA  de Ludon,LUDON MACAU LABARDE,33262,Macau,Existant ou programmé,2012
Assainissement collectif,9905,Syndicat,SIAEPA  de Lyde,LYDE,33033,Baurech,Existant ou programmé,2012
Assainissement collectif,9905,Syndicat,SIAEPA  de Lyde,LYDE,33084,Cambes,Existant ou programmé,2012
Assainissement collectif,9905,Syndicat,SIAEPA  de Lyde,LYDE,33263,Madirac,Existant ou programmé,2012
Assainissement collectif,9905,Syndicat,SIAEPA  de Lyde,LYDE,33381,Saint-Caprais-de-Bordeaux,Existant ou programmé,2012
Assainissement collectif,9952,Syndicat,SIAEPA  de Margaux,MARGAUX ARSAC CANTENAC SOUSSANS,33012,Arsac,Existant ou programmé,2012
Assainissement collectif,9952,Syndicat,SIAEPA  de Margaux,MARGAUX ARSAC CANTENAC SOUSSANS,33091,Cantenac,Existant ou programmé,2012
Assainissement collectif,9952,Syndicat,SIAEPA  de Margaux,MARGAUX ARSAC CANTENAC SOUSSANS,33268,Margaux,Existant ou programmé,2012
Assainissement collectif,9952,Syndicat,SIAEPA  de Margaux,MARGAUX ARSAC CANTENAC SOUSSANS,33517,Soussans,Existant ou programmé,2012
Assainissement collectif,9953,Syndicat,SIAEPA  de Mongauzy,MONGAUZY,33024,Bagas,Non présent,2012
Assainissement collectif,9953,Syndicat,SIAEPA  de Mongauzy,MONGAUZY,33158,Les Esseintes,Non présent,2012
Assainissement collectif,9953,Syndicat,SIAEPA  de Mongauzy,MONGAUZY,33221,Lamothe-Landerron,Existant ou programmé,2012
Assainissement collectif,9953,Syndicat,SIAEPA  de Mongauzy,MONGAUZY,33250,Loubens,Non présent,2012
Assainissement collectif,9953,Syndicat,SIAEPA  de Mongauzy,MONGAUZY,33287,Mongauzy,Existant ou programmé,2012
Assainissement collectif,9953,Syndicat,SIAEPA  de Mongauzy,MONGAUZY,33291,Montagoudin,Existant ou programmé,2012
Assainissement collectif,9953,Syndicat,SIAEPA  de Mongauzy,MONGAUZY,33418,Saint-Hilaire-de-la-Noaille,Non présent,2012
Assainissement collectif,9953,Syndicat,SIAEPA  de Mongauzy,MONGAUZY,33453,Saint-Michel-de-Lapujade,Non présent,2012
Assainissement collectif,9953,Syndicat,SIAEPA  de Mongauzy,MONGAUZY,33479,Saint-Sève,Non présent,2012
Assainissement collectif,10021,Syndicat,SIVOM de Monségur,MONSEGUR,33150,Dieulivol,Existant ou programmé,2012
Assainissement collectif,10021,Syndicat,SIVOM de Monségur,MONSEGUR,33289,Monségur,Existant ou programmé,2012
Assainissement collectif,10021,Syndicat,SIVOM de Monségur,MONSEGUR,33520,Taillecavat,Non présent,2012
Assainissement collectif,368834,Syndicat,SIEPA  du Nord Libournais,NORD LIBOURNAIS,33034,Bayas,Non présent,2012
Assainissement collectif,368834,Syndicat,SIEPA  du Nord Libournais,NORD LIBOURNAIS,33062,Bonzac,Non présent,2012
Assainissement collectif,368834,Syndicat,SIEPA  du Nord Libournais,NORD LIBOURNAIS,33198,Guitres,Existant ou programmé,2012
Assainissement collectif,368834,Syndicat,SIEPA  du Nord Libournais,NORD LIBOURNAIS,33218,Lagorce,Non présent,2012
Assainissement collectif,368834,Syndicat,SIEPA  du Nord Libournais,NORD LIBOURNAIS,33230,Lapouyade,Existant ou programmé,2012
Assainissement collectif,368834,Syndicat,SIEPA  du Nord Libournais,NORD LIBOURNAIS,33264,Maransin,Non présent,2012
Assainissement collectif,368834,Syndicat,SIEPA  du Nord Libournais,NORD LIBOURNAIS,33362,Sablons,Non présent,2012
Assainissement collectif,368834,Syndicat,SIEPA  du Nord Libournais,NORD LIBOURNAIS,33387,Saint-Ciers-d'Abzac,Existant ou programmé,2012
Assainissement collectif,368834,Syndicat,SIEPA  du Nord Libournais,NORD LIBOURNAIS,33393,Saint-Denis-de-Pile,Existant ou programmé,2012
Assainissement collectif,368834,Syndicat,SIEPA  du Nord Libournais,NORD LIBOURNAIS,33442,Saint-Martin-de-Laye,Non présent,2012
Assainissement collectif,368834,Syndicat,SIEPA  du Nord Libournais,NORD LIBOURNAIS,33445,Saint-Martin-du-Bois,Existant ou programmé,2012
Assainissement collectif,368834,Syndicat,SIEPA  du Nord Libournais,NORD LIBOURNAIS,33509,Savignac-de-L'Isle,Non présent,2012
Assainissement collectif,368834,Syndicat,SIEPA  du Nord Libournais,NORD LIBOURNAIS,33532,Tizac-de-Lapouyade,Non présent,2012
Assainissement collectif,9998,Syndicat,SIAEPA de Podensac,PODENSAC VIRELADE,33327,Podensac,Existant ou programmé,2012
Assainissement collectif,9998,Syndicat,SIAEPA de Podensac,PODENSAC VIRELADE,33552,Virelade,Existant ou programmé,2012
Assainissement collectif,9999,Syndicat,SIAEPA de Rauzan,RAUZAN,33044,Bellefond,Non présent,2012
Assainissement collectif,9999,Syndicat,SIAEPA de Rauzan,RAUZAN,33064,Bossugan,Non présent,2012
Assainissement collectif,9999,Syndicat,SIAEPA de Rauzan,RAUZAN,33127,Civrac-sur-Dordogne,Non présent,2012
Assainissement collectif,9999,Syndicat,SIAEPA de Rauzan,RAUZAN,33135,Courpiac,Non présent,2012
Assainissement collectif,9999,Syndicat,SIAEPA de Rauzan,RAUZAN,33175,Frontenac,Non présent,2012
Assainissement collectif,9999,Syndicat,SIAEPA de Rauzan,RAUZAN,33209,Jugazan,Existant ou programmé,2012
Assainissement collectif,9999,Syndicat,SIAEPA de Rauzan,RAUZAN,33258,Lugasson,Non présent,2012
Assainissement collectif,9999,Syndicat,SIAEPA de Rauzan,RAUZAN,33278,Mauriac,Non présent,2012
Assainissement collectif,9999,Syndicat,SIAEPA de Rauzan,RAUZAN,33282,Mérignas,Non présent,2012
Assainissement collectif,9999,Syndicat,SIAEPA de Rauzan,RAUZAN,33301,Naujan-et-Postiac,Existant ou programmé,2012
Assainissement collectif,9999,Syndicat,SIAEPA de Rauzan,RAUZAN,33344,Pujols,Non présent,2012
Assainissement collectif,9999,Syndicat,SIAEPA de Rauzan,RAUZAN,33350,Rauzan,Existant ou programmé,2012
Assainissement collectif,9999,Syndicat,SIAEPA de Rauzan,RAUZAN,33358,Romagne,Non présent,2012
Assainissement collectif,9999,Syndicat,SIAEPA de Rauzan,RAUZAN,33361,Ruch,Non présent,2012
Assainissement collectif,9999,Syndicat,SIAEPA de Rauzan,RAUZAN,33401,Sainte-Florence,Non présent,2012
Assainissement collectif,9999,Syndicat,SIAEPA de Rauzan,RAUZAN,33460,Saint-Pey-de-Castets,Non présent,2012
Assainissement collectif,9999,Syndicat,SIAEPA de Rauzan,RAUZAN,33488,Saint-Vincent-de-Pertignas,Existant ou programmé,2012
Assainissement collectif,10000,Syndicat,SIAEPA de Rions,RIONS,33008,Arbis,Non présent,2012
Assainissement collectif,10000,Syndicat,SIAEPA de Rions,RIONS,33040,Beguey,Existant ou programmé,2012
Assainissement collectif,10000,Syndicat,SIAEPA de Rions,RIONS,33098,Cardan,Existant ou programmé,2012
Assainissement collectif,10000,Syndicat,SIAEPA de Rions,RIONS,33156,Escoussans,Non présent,2012
Assainissement collectif,10000,Syndicat,SIAEPA de Rions,RIONS,33231,Laroque,Existant ou programmé,2012
Assainissement collectif,10000,Syndicat,SIAEPA de Rions,RIONS,33355,Rions,Existant ou programmé,2012
Assainissement collectif,10000,Syndicat,SIAEPA de Rions,RIONS,33464,Saint-Pierre-de-Bat,Non présent,2012
Assainissement collectif,10004,Syndicat,SIAEPA de Salles Mios,SALLES MIOS,33284,Mios,Existant ou programmé,2012
Assainissement collectif,10004,Syndicat,SIAEPA de Salles Mios,SALLES MIOS,33498,Salles,Existant ou programmé,2012
Assainissement collectif,29453,Syndicat,Syndicat Intercommunal du Bassin d¿Arcachon,SIBA,33005,Andernos-les-Bains,Existant ou programmé,2012
Assainissement collectif,29453,Syndicat,Syndicat Intercommunal du Bassin d¿Arcachon,SIBA,33009,Arcachon,Existant ou programmé,2012
Assainissement collectif,29453,Syndicat,Syndicat Intercommunal du Bassin d¿Arcachon,SIBA,33011,Arès,Existant ou programmé,2012
Assainissement collectif,29453,Syndicat,Syndicat Intercommunal du Bassin d¿Arcachon,SIBA,33019,Audenge,Existant ou programmé,2012
Assainissement collectif,29453,Syndicat,Syndicat Intercommunal du Bassin d¿Arcachon,SIBA,33051,Biganos,Existant ou programmé,2012
Assainissement collectif,29453,Syndicat,Syndicat Intercommunal du Bassin d¿Arcachon,SIBA,33199,Gujan-Mestras,Existant ou programmé,2012
Assainissement collectif,29453,Syndicat,Syndicat Intercommunal du Bassin d¿Arcachon,SIBA,33229,Lanton,Existant ou programmé,2012
Assainissement collectif,29453,Syndicat,Syndicat Intercommunal du Bassin d¿Arcachon,SIBA,33236,Lège-Cap-Ferret,Existant ou programmé,2012
Assainissement collectif,29453,Syndicat,Syndicat Intercommunal du Bassin d¿Arcachon,SIBA,33527,Le Teich,Existant ou programmé,2012
Assainissement collectif,29453,Syndicat,Syndicat Intercommunal du Bassin d¿Arcachon,SIBA,33529,La Teste-de-Buch,Existant ou programmé,2012
Assainissement collectif,170240,Syndicat,SIVOM de St Brice,ST BRICE,33025,Baigneaux,Non présent,2012
Assainissement collectif,170240,Syndicat,SIVOM de St Brice,ST BRICE,33043,Bellebat,Existant ou programmé,2012
Assainissement collectif,170240,Syndicat,SIVOM de St Brice,ST BRICE,33092,Cantois,Non présent,2012
Assainissement collectif,170240,Syndicat,SIVOM de St Brice,ST BRICE,33105,Castelviel,Non présent,2012
Assainissement collectif,170240,Syndicat,SIVOM de St Brice,ST BRICE,33121,Cessac,Non présent,2012
Assainissement collectif,170240,Syndicat,SIVOM de St Brice,ST BRICE,33131,Coirac,Non présent,2012
Assainissement collectif,170240,Syndicat,SIVOM de St Brice,ST BRICE,33149,Daubeze,Non présent,2012
Assainissement collectif,170240,Syndicat,SIVOM de St Brice,ST BRICE,33152,Donzac,Non présent,2012
Assainissement collectif,170240,Syndicat,SIVOM de St Brice,ST BRICE,33189,Gornac,Existant ou programmé,2012
Assainissement collectif,170240,Syndicat,SIVOM de St Brice,ST BRICE,33275,Martres,Non présent,2012
Assainissement collectif,170240,Syndicat,SIVOM de St Brice,ST BRICE,33292,Montignac,Non présent,2012
Assainissement collectif,170240,Syndicat,SIVOM de St Brice,ST BRICE,33299,Mourens,Non présent,2012
Assainissement collectif,170240,Syndicat,SIVOM de St Brice,ST BRICE,33308,Omet,Non présent,2012
Assainissement collectif,170240,Syndicat,SIVOM de St Brice,ST BRICE,33379,Saint-Brice,Existant ou programmé,2012
Assainissement collectif,170240,Syndicat,SIVOM de St Brice,ST BRICE,33399,Saint-Felix-de-Foncaude,Non présent,2012
Assainissement collectif,170240,Syndicat,SIVOM de St Brice,ST BRICE,33409,Saint-Genis-du-Bois,Non présent,2012
Assainissement collectif,170240,Syndicat,SIVOM de St Brice,ST BRICE,33411,Saint-Germain-de-Grave,Non présent,2012
Assainissement collectif,170240,Syndicat,SIVOM de St Brice,ST BRICE,33419,Saint-Hilaire-du-Bois,Non présent,2012
Assainissement collectif,170240,Syndicat,SIVOM de St Brice,ST BRICE,33482,Saint-Sulpice-de-Pommiers,Non présent,2012
Assainissement collectif,10025,Syndicat,SIAEPA de St Estephe,ST ESTEPHE,33125,Cissac-Médoc,Existant ou programmé,2012
Assainissement collectif,10025,Syndicat,SIAEPA de St Estephe,ST ESTEPHE,33395,Saint-Estephe,Existant ou programmé,2012
Assainissement collectif,10025,Syndicat,SIAEPA de St Estephe,ST ESTEPHE,33471,Saint-Sauveur,Existant ou programmé,2012
Assainissement collectif,10025,Syndicat,SIAEPA de St Estephe,ST ESTEPHE,33476,Saint-Seurin-de-Cadourne,Existant ou programmé,2012
Assainissement collectif,10025,Syndicat,SIAEPA de St Estephe,ST ESTEPHE,33545,Vertheuil,Existant ou programmé,2012
Assainissement collectif,19706,Syndicat,SIAEPA de St Jean-d'Illac-Martignas,ST JEAN D'ILLAC MARTIGNAS,33273,Martignas-sur-Jalle,Existant ou programmé,2012
Assainissement collectif,19706,Syndicat,SIAEPA de St Jean-d'Illac-Martignas,ST JEAN D'ILLAC MARTIGNAS,33422,Saint-Jean-d'Illac,Existant ou programmé,2012
Assainissement collectif,481,Syndicat,SIVOM de St Loubes Vallée de la Laurence,ST LOUBES,33049,Beychac-et-Caillau,Existant ou programmé,2012
Assainissement collectif,481,Syndicat,SIVOM de St Loubes Vallée de la Laurence,ST LOUBES,33293,Montussan,Existant ou programmé,2012
Assainissement collectif,481,Syndicat,SIVOM de St Loubes Vallée de la Laurence,ST LOUBES,33433,Saint-Loubès,Existant ou programmé,2012
Assainissement collectif,481,Syndicat,SIVOM de St Loubes Vallée de la Laurence,ST LOUBES,33483,Saint-Sulpice-et-Cameyrac,Existant ou programmé,2012
Assainissement collectif,481,Syndicat,SIVOM de St Loubes Vallée de la Laurence,ST LOUBES,33554,Yvrac,Existant ou programmé,2012
Assainissement collectif,18996,Syndicat,SIA de St Macaire St Maixant Verdelais,ST MACAIRE ST MAIXANT VERDELAIS,33323,Le Pian-sur-Garonne,Existant ou programmé,2012
Assainissement collectif,18996,Syndicat,SIA de St Macaire St Maixant Verdelais,ST MACAIRE ST MAIXANT VERDELAIS,33435,Saint-Macaire,Existant ou programmé,2012
Assainissement collectif,18996,Syndicat,SIA de St Macaire St Maixant Verdelais,ST MACAIRE ST MAIXANT VERDELAIS,33438,Saint-Maixant,Existant ou programmé,2012
Assainissement collectif,18996,Syndicat,SIA de St Macaire St Maixant Verdelais,ST MACAIRE ST MAIXANT VERDELAIS,33543,Verdelais,Existant ou programmé,2012
Assainissement collectif,10029,Syndicat,SIAEPA de St Selve,ST SELVE,33452,Saint-Michel-de-Rieufret,Existant ou programmé,2012
Assainissement collectif,10029,Syndicat,SIAEPA de St Selve,ST SELVE,33454,Saint-Morillon,Existant ou programmé,2012
Assainissement collectif,10029,Syndicat,SIAEPA de St Selve,ST SELVE,33474,Saint-Selve,Existant ou programmé,2012
Assainissement collectif,10003,Syndicat,SIAEPA de St Yzans de Médoc,ST YZANS DE MEDOC,33055,Blaignan,Non présent,2012
Assainissement collectif,10003,Syndicat,SIAEPA de St Yzans de Médoc,ST YZANS DE MEDOC,33134,Couqueques,Non présent,2012
Assainissement collectif,10003,Syndicat,SIAEPA de St Yzans de Médoc,ST YZANS DE MEDOC,33309,Ordonnac,Non présent,2012
Assainissement collectif,10003,Syndicat,SIAEPA de St Yzans de Médoc,ST YZANS DE MEDOC,33338,Prignac-en-Médoc,Non présent,2012
Assainissement collectif,10003,Syndicat,SIAEPA de St Yzans de Médoc,ST YZANS DE MEDOC,33383,Saint-Christoly-Médoc,Non présent,2012
Assainissement collectif,10003,Syndicat,SIAEPA de St Yzans de Médoc,ST YZANS DE MEDOC,33412,Saint-Germain-d'Esteuil,Non présent,2012
Assainissement collectif,10003,Syndicat,SIAEPA de St Yzans de Médoc,ST YZANS DE MEDOC,33493,Saint-Yzans-de-Médoc,Non présent,2012
Assainissement collectif,10032,Syndicat,SIAEPA de Sainte Foy la Grande,STE FOY LA GRANDE,33094,Caplong,Non présent,2012
Assainissement collectif,10032,Syndicat,SIAEPA de Sainte Foy la Grande,STE FOY LA GRANDE,33160,Eynesse,Existant ou programmé,2012
Assainissement collectif,10032,Syndicat,SIAEPA de Sainte Foy la Grande,STE FOY LA GRANDE,33242,Les Lèves-et-Thoumeyragues,Existant ou programmé,2012
Assainissement collectif,10032,Syndicat,SIAEPA de Sainte Foy la Grande,STE FOY LA GRANDE,33246,Ligueux,Non présent,2012
Assainissement collectif,10032,Syndicat,SIAEPA de Sainte Foy la Grande,STE FOY LA GRANDE,33269,Margueron,Existant ou programmé,2012
Assainissement collectif,10032,Syndicat,SIAEPA de Sainte Foy la Grande,STE FOY LA GRANDE,33324,Pineuilh,Existant ou programmé,2012
Assainissement collectif,10032,Syndicat,SIAEPA de Sainte Foy la Grande,STE FOY LA GRANDE,33354,Riocaud,Non présent,2012
Assainissement collectif,10032,Syndicat,SIAEPA de Sainte Foy la Grande,STE FOY LA GRANDE,33360,La Roquille,Existant ou programmé,2012
Assainissement collectif,10032,Syndicat,SIAEPA de Sainte Foy la Grande,STE FOY LA GRANDE,33369,Saint-André-et-Appelles,Existant ou programmé,2012
Assainissement collectif,10032,Syndicat,SIAEPA de Sainte Foy la Grande,STE FOY LA GRANDE,33377,Saint-Avit-de-Soulège,Non présent,2012
Assainissement collectif,10032,Syndicat,SIAEPA de Sainte Foy la Grande,STE FOY LA GRANDE,33378,Saint-Avit-Saint-Nazaire,Existant ou programmé,2012
Assainissement collectif,10032,Syndicat,SIAEPA de Sainte Foy la Grande,STE FOY LA GRANDE,33402,Sainte-Foy-la-Grande,Existant ou programmé,2012
Assainissement collectif,10032,Syndicat,SIAEPA de Sainte Foy la Grande,STE FOY LA GRANDE,33462,Saint-Philippe-du-Seignal,Existant ou programmé,2012
Assainissement collectif,10032,Syndicat,SIAEPA de Sainte Foy la Grande,STE FOY LA GRANDE,33467,Saint-Quentin-de-Caplong,Non présent,2012
Assainissement collectif,9909,Syndicat,SIAEPA du Sud Bazadais,SUD BAZADAIS,33046,Bernos-Beaulac,Existant ou programmé,2012
Assainissement collectif,9909,Syndicat,SIAEPA du Sud Bazadais,SUD BAZADAIS,33144,Cudos,Existant ou programmé,2012
Assainissement collectif,9909,Syndicat,SIAEPA du Sud Bazadais,SUD BAZADAIS,33270,Marimbault,Existant ou programmé,2012
Assainissement collectif,9909,Syndicat,SIAEPA du Sud Bazadais,SUD BAZADAIS,33329,Pompejac,Non présent,2012
Assainissement collectif,9909,Syndicat,SIAEPA du Sud Bazadais,SUD BAZADAIS,33507,Sauviac,Existant ou programmé,2012
Assainissement collectif,10050,Syndicat,SIAEPA de Targon,TARGON,33059,Blésignac,Non présent,2012
Assainissement collectif,10050,Syndicat,SIAEPA de Targon,TARGON,33163,Faleyras,Non présent,2012
Assainissement collectif,10050,Syndicat,SIAEPA de Targon,TARGON,33215,Ladaux,Non présent,2012
Assainissement collectif,10050,Syndicat,SIAEPA de Targon,TARGON,33431,Saint-Léon,Non présent,2012
Assainissement collectif,10050,Syndicat,SIAEPA de Targon,TARGON,33505,La Sauve,Existant ou programmé,2012
Assainissement collectif,10050,Syndicat,SIAEPA de Targon,TARGON,33515,Soulignac,Existant ou programmé,2012
Assainissement collectif,10050,Syndicat,SIAEPA de Targon,TARGON,33523,Targon,Existant ou programmé,2012
Assainissement collectif,16232,Syndicat,SIAEPA de la Vallée de la Dronne,VALLEE DE LA DRONNE,33124,Chamadelle,Non présent,2012
Assainissement collectif,16232,Syndicat,SIAEPA de la Vallée de la Dronne,VALLEE DE LA DRONNE,33138,Coutras,Existant ou programmé,2012
Assainissement collectif,16232,Syndicat,SIAEPA de la Vallée de la Dronne,VALLEE DE LA DRONNE,33315,Les Peintures,Existant ou programmé,2012
Assainissement collectif,10054,Syndicat,SIAEPA de la Vallée de l'Isle,VALLEE DE L'ISLE,33088,Camps-sur-L'Isle,Non présent,2012
Assainissement collectif,10054,Syndicat,SIAEPA de la Vallée de l'Isle,VALLEE DE L'ISLE,33191,Gours,Existant ou programmé,2012
Assainissement collectif,10054,Syndicat,SIAEPA de la Vallée de l'Isle,VALLEE DE L'ISLE,33332,Porchères,Existant ou programmé,2012
Assainissement collectif,10054,Syndicat,SIAEPA de la Vallée de l'Isle,VALLEE DE L'ISLE,33347,Puynormand,Existant ou programmé,2012
Assainissement collectif,10054,Syndicat,SIAEPA de la Vallée de l'Isle,VALLEE DE L'ISLE,33373,Saint-Antoine-sur-L'Isle,Existant ou programmé,2012
Assainissement collectif,10054,Syndicat,SIAEPA de la Vallée de l'Isle,VALLEE DE L'ISLE,33447,Saint-Médard-de-Guizières,Existant ou programmé,2012
Assainissement collectif,10054,Syndicat,SIAEPA de la Vallée de l'Isle,VALLEE DE L'ISLE,33472,Saint-Sauveur-de-Puynormand,Non présent,2012
